task,family,id,training_rows,training_queries,training_source_groups,development_rows,development_queries,development_source_groups,history_metric,history_value,history_ci95_low,history_ci95_high,speed_baseline_mae,speed_r2,delay_six_group_ba,delay_six_group_ci95_low,delay_six_group_ci95_high,full_development_response_nre,gradient_queries,target_response_energy,probe_16_query_response_nre,response_loss_share_percent,gradient_ratio_percent,mean_vector_cosine,negative_query_cosine_count,checkpoint_sha256,readout_result_sha256,gradient_result_sha256,panel_manifest_sha256,development_raw_sha256,original_protocol_source_sha256
speed,lewm,speed/lewm/scratch/s3072,512,512,512,900,300,300,mae,1.6850213224629464,1.603720372867549,1.777216145997062,1.2106770190099876,-1.2071237386630584,,,,0.052311303973198275,16,0.5781904270433191,0.06387523176702543,1.189944002049028,6.390177883679993,0.09728818198450753,1,bf8aab90eb010c87650a2733a8075a0975d4c7b4c107d5c2c41f899589d763c2,18adc564548d981c56de413004225edac0787e1e13b7e9492b63538cbe19f989,e1b1233956e83c45c131bef7953b6d13b25b9357a869e1a49bbd058b388be6af,8135e58d56f155bbcbb71f1985d1657cf933068735ba672e6578eb56e6b0c6ba,c582a38a752ae9c778e08ae4bdede3f23bbc8e54e363a5e57d0e1b4afdab84de,e5c4d7c73e00f75b386d8da4a56850143dd9d256d8f6e71586851adf84d15fd6
speed,pldm,speed/pldm/scratch/s3072,512,512,512,900,300,300,mae,3.0742720198082316,2.636080281758138,3.5773612400383517,1.2106770190099876,-12.848773625739252,,,,0.08095890749533266,16,0.8816867056575404,0.09284577437723933,1.2825053121518075,8.26830655185617,0.27342317167843555,1,7368e19623db2c16eeabad09704e33cf7df59fc81a537c7ca595c4d2d5b9a7e8,85e4f7f8f0b004a1b70e25e58a3b29f8fdbfed62f506dc8e2eac5b6519a793f9,b3622f899bd4023776de32d5b852042ca9dab39f706891a545b9209a175b1daf,8135e58d56f155bbcbb71f1985d1657cf933068735ba672e6578eb56e6b0c6ba,c582a38a752ae9c778e08ae4bdede3f23bbc8e54e363a5e57d0e1b4afdab84de,44927009a190aa5bcb78bd551ad515e6553dddc8996431efcce38df263f4cf82
speed,dinowm,speed/dinowm/scratch/s3072,512,512,512,900,300,300,mae,1.8309882003553672,1.729915045691229,1.926044847623798,1.2106770190099876,-1.4870584567963672,,,,0.9619315102033243,16,0.2671361319927865,0.9746872971253525,6.964329108616376,1.095485142561662,0.3677782186495012,4,7887e636b1f37f43f31c185ba0bdf8ba550ba708fdd5e274b2843a43d2cf8439,ab9c5ed273f72bee42152a4227eb4756b399851177a0ef888ecb9f9d7f47549f,950537093c071c21301d36440ad878664ff6260d03020aee6f7d61bc739b4a59,8135e58d56f155bbcbb71f1985d1657cf933068735ba672e6578eb56e6b0c6ba,c582a38a752ae9c778e08ae4bdede3f23bbc8e54e363a5e57d0e1b4afdab84de,823727f635e1c288f3aab2fd6ce682425c198546c548fdc5bd4ba4236438dfe5
action_strength,lewm,action_strength/lewm/scratch/s3072,1024,512,188,512,256,243,balanced_accuracy,0.685546875,0.65636763996139,0.7171314741035857,,,,,,0.9812409600640022,16,0.02808710086119115,0.9638511344553394,18.36465468344297,3.4790201636668217,0.010995912269100695,7,aa296d32cdd20bf817545f7feb027f4bdc5cd87ee99547bb990c433e8915bed1,947ce16cd4fc50af2b221683842186eb8beb72c2c022f1282950221074f99f6c,03d44614dff6cc7dfc1d4d039629868842e6133c1f5f6e607738538c935d6dbc,13d5f4ce5c310227e5c4ff746a8c9be0b3eff4241025a76f3f4206855a9288ef,084ed054f18a10ce4aaf18a43f448188cf95601d4c98faeeb266163ee5319035,1fa31d81cd60d73a3c5c9bb429a796df9ce78dfb62ce1d96e1cc706b71c0910b
action_strength,pldm,action_strength/pldm/scratch/s3072,1024,512,188,512,256,243,balanced_accuracy,0.716796875,0.686040942706941,0.7480314960629921,,,,,,0.8956576629424007,16,0.4416100228869939,0.9178779462958419,19.185158480531094,19.770928786046692,0.20999596270834173,3,b3e4cb257ae822501909e6ab99fe0919f35e60ee50eff08b6075cbb22f476594,b6dc810fc38cf153c0e59d9d4fa1bb8d997a2d7e5551883eaf2962f788111052,1dccf617892a8bee0a5148d656d7ff42b79078f63b22c278fb1693afd44d00ed,13d5f4ce5c310227e5c4ff746a8c9be0b3eff4241025a76f3f4206855a9288ef,084ed054f18a10ce4aaf18a43f448188cf95601d4c98faeeb266163ee5319035,8fe25e61a9cb63e93572002d04754d35ae891be085c7053a25ffb4634969f5c8
action_strength,dinowm,action_strength/dinowm/scratch/s3072,1024,512,188,512,256,243,balanced_accuracy,0.833984375,0.8022803047500142,0.8641814930576426,,,,,,0.43165927544440985,16,1.3118891499559833,0.4215518892829578,19.589556368265253,47.24156377151662,0.5740460547998608,0,2508fa27309d4c01ab86e03ec375572af084f5ea1e87eb43a6961197fc165c7d,5f9ada499de0fa84e6417a7927f3de26463db0642b6957de6c23b73f9951f541,b1764bc8537535b7279305fa88b1c9a6842fb019bedd283abd63b12277954962,13d5f4ce5c310227e5c4ff746a8c9be0b3eff4241025a76f3f4206855a9288ef,084ed054f18a10ce4aaf18a43f448188cf95601d4c98faeeb266163ee5319035,98e43d60be747538ecd74cec9f3d7b707fefd9de4973fb1041f6739c36243db2
robot_arm_mass,lewm,robot_arm_mass/lewm/scratch/s3072,1024,512,512,512,256,256,balanced_accuracy,0.505859375,0.470703125,0.5391113281249997,,,,,,0.04832336432571279,16,0.10320862858181828,0.0692208083521072,1.7212304213065819,1.384854666008781,0.10238572835631594,3,951295a4d630340034362a32af462e9c2470ee91162a1ab3a476cb13b6174da7,5253578a986274339db24d0d30e3cd58cf16011a1f654ed2d033f568ce9ae6aa,fb1b5de6bb586b3bbe238d27984a10e3a1e5908bb3178175cf411c4c59696c98,da586e1cffe0524a6118e029ac34ebde0d776a86e315c6ffcf90e7f337a57e06,85217d290685e63db3194b7fc02d1c329304caf0baf54d030589f5aa5508547a,20b46c99eb29cb5893f12483d19de8087ac503f9ecddf11051b020f700aac7cf
robot_arm_mass,pldm,robot_arm_mass/pldm/scratch/s3072,1024,512,512,512,256,256,balanced_accuracy,0.509765625,0.48046875,0.541015625,,,,,,0.03276674190407705,16,0.7242396082626414,0.04701656920974393,3.0681086248068876,6.689046770715697,0.2889240332361065,0,3d691fb4f31c990650eaff35774b5dec430e10dea1489bdec4ed49b8c425b7b1,384f9b2324f43810fd17378d1b3d70999c00225ee8a5aafab1e762f44683328c,520f0e37b65b6a482ca01818bf5cbb5a4fa8b0bfb332963d4f6b8b66544f87c6,da586e1cffe0524a6118e029ac34ebde0d776a86e315c6ffcf90e7f337a57e06,85217d290685e63db3194b7fc02d1c329304caf0baf54d030589f5aa5508547a,c86efa38cbb675a0863559be93dd36a556275093ea12dc5bbd3adc1e8cfbc9d4
robot_arm_mass,dinowm,robot_arm_mass/dinowm/scratch/s3072,1024,512,512,512,256,256,balanced_accuracy,0.505859375,0.474609375,0.53515625,,,,,,0.6575899887316345,16,0.22115120327208806,0.7155107268509645,8.811682592331602,8.23617929500112,0.3137228990518306,0,019ff7e803c1f6c6c8dd54fae94d0357bbb66f8c5ca3adf426add6ad683f4a30,1fc5a68bc537dc5de8208faa721c7af4c301d2d00b567f59fb5a463f9dabce1f,2ba148a5b4c01607a70295f90a5e456f2dfb1ac262b60ff5b98997ab9afc03a3,da586e1cffe0524a6118e029ac34ebde0d776a86e315c6ffcf90e7f337a57e06,85217d290685e63db3194b7fc02d1c329304caf0baf54d030589f5aa5508547a,6c27d238005b066cdbb550d7214b92203af02c3834f9d8919b9bc8145cc318ef
action_delay,lewm,action_delay/lewm/scratch/s3072,1408,128,128,3300,300,300,balanced_accuracy,0.1490909090909091,0.12878787878787878,0.1693939393939394,,,0.2236111111111111,0.20175925925925928,0.24583796296296295,0.012274050812152423,16,0.5719794715546714,0.011420247533286748,0.3665251890422384,1.1019307820895112,0.5113074599479408,5,72684787f14ef3b84f6fa47814bd8dc367ea34f5acb2839d6b5e726efdff1e09,fa2b10bafdf42c1902cc7b109c17611ef3db848c43c410f9da0200c8b55cad34,72371355ac164734de579254b74886c2bb04e95b451aed73c627e78cd9e661a4,bfbf83376a2cb85e2de3d722967d126528f7085cc56d98b25dfafe6da05a1004,467830f3640057a0916b71f207f2a2985098d31120d4be739234f07a4eee702b,b35b16d8378b83d8f9ee6d0511191c4a2f4245a4ab695298ddafcb90b419dd81
action_delay,pldm,action_delay/pldm/scratch/s3072,1408,128,128,3300,300,300,balanced_accuracy,0.1412121212121212,0.12332575757575755,0.15969696969696967,,,0.20324074074074075,0.18240509259259258,0.22342824074074075,0.006509426919683113,16,4.095803337698067,0.006277528483398717,0.2846859765015029,1.817737219201612,0.3040320874919449,5,e4041d758e21c48161f4297966e051e36be780a5bdfecbe6b8ff9ec02246c853,68f9b4794ad8c86e994ba18b4e1f431586bc180cea89eee0432811c943b38277,c67ee6c0d0753025e6d16d3103895dcfb504c15da3eddc9c712dac8449e2fa28,bfbf83376a2cb85e2de3d722967d126528f7085cc56d98b25dfafe6da05a1004,467830f3640057a0916b71f207f2a2985098d31120d4be739234f07a4eee702b,c778bb3dd3087f94fff483735b67b27428dd5877f2ab2d6b68eb568030abde40
action_delay,dinowm,action_delay/dinowm/scratch/s3072,1408,128,128,3300,300,300,balanced_accuracy,0.19757575757575757,0.17333333333333334,0.22303030303030305,,,0.25712962962962965,0.23119907407407406,0.2838912037037037,1.0001230873280547,16,0.7456269793428456,1.0001039995202237,0.1771443775749554,0.002642800665510503,-0.061288517115343805,10,2b8a8a7395a7845f44355261e0d89fe0b8af6bee78504d0b3a9cb1f65791d94d,f4a978a75da83cefe83d6cfbbc3d855a317b94ad4ac8a11b9359cbf92fde2cbb,7aa53a61c2cd24776e9a153fee175c9e0e01650cf74b800479453febb4130993,bfbf83376a2cb85e2de3d722967d126528f7085cc56d98b25dfafe6da05a1004,467830f3640057a0916b71f207f2a2985098d31120d4be739234f07a4eee702b,41d31d961c5f77fd18070977e025fe1daefa474332d595323ed8200a1351c61f
contact_friction,lewm,contact_friction/lewm/scratch/s3072,1024,512,512,512,256,256,balanced_accuracy,0.734375,0.701171875,0.767578125,,,,,,0.9992282091145698,16,0.0038150694680220126,1.0025117868564752,2.3011083892738906,0.15495940317623913,0.014147920460954302,6,35d3be0df20fce7a073710549de0487f5816db55e1c2608848dcd4fe8ec597b0,42d639c8b6f2bf2fbdaaa7b25c0acd1f71a3bd6ac7066945642d9b5ec960c83b,0194e64c9db27dae5e56ceb13d361f50227ff1d13b22aa63ae676b918158fe3a,47b389da0cc615aa2ed3a82f2c80d20c67d4ae7a83a60c30abfe3f95e82ab14b,68cdd9315d33a21d4ffbc8d0ee489aabac9c41f4ebe002ba2579974c525efae6,b8838a9b18110c373f76e231a6576efd7d5b3dd8bc1d8576a4fc08911af9e867
contact_friction,pldm,contact_friction/pldm/scratch/s3072,1024,512,512,512,256,256,balanced_accuracy,0.580078125,0.55078125,0.611328125,,,,,,1.0008853826107424,16,0.013504681971709866,1.0289392929860943,1.26137243263805,0.3481287513698404,0.003518834255551235,6,a38fddcce2121d218719c224b4849f41866488b9c296ab627db4d4a6b49c573f,c038c727aaaa3087b45cdbbd245f55ff028809b47709435a688c31aada973186,b7d31bd7d128d307f6378065a891e57a500ca7b969a31f777b00a0f21bcf56e2,47b389da0cc615aa2ed3a82f2c80d20c67d4ae7a83a60c30abfe3f95e82ab14b,68cdd9315d33a21d4ffbc8d0ee489aabac9c41f4ebe002ba2579974c525efae6,bf6095eab1df6ee5ac15323b77048168b02882d27564078b9694fe6b66e082e2
contact_friction,dinowm,contact_friction/dinowm/scratch/s3072,1024,512,512,512,256,256,balanced_accuracy,0.912109375,0.888671875,0.935546875,,,,,,0.6836245765601625,16,0.4792405908291669,0.5551571842351821,7.229341962901873,12.688071900367543,0.09633265064064017,0,f195be116b759e18edae824684fa4cb7098077ed9f83e3008eefef19a3806dec,6a5e0f2dcfe9e92367c9a6405aadf68b70100b2bcd6178ee7bce54b48a794d44,88283c0f97a57cacad1d1cf283b4e4078fc77184cfb0e35034b6f51ff8d14f5a,47b389da0cc615aa2ed3a82f2c80d20c67d4ae7a83a60c30abfe3f95e82ab14b,68cdd9315d33a21d4ffbc8d0ee489aabac9c41f4ebe002ba2579974c525efae6,65522bb19e0379fb048fbf7636f71fbe00aa0e713453a016490a578de55c8463
motion_damping,lewm,motion_damping/lewm/scratch/s3072,1024,512,256,512,256,128,balanced_accuracy,0.515625,0.48828125,0.544921875,,,,,,1.0022150340220666,16,0.0002410800344741599,1.0026579568745484,0.24118281319989465,0.018807177784907578,0.004336549715501915,8,d23cc3c543e708bb497d670040c7d24e402b29e019c1e6b1414e6ede4cb36c31,20c37c8e6a887e010169f1db5aa110d61fac69722b12b6efd8469d88976e697d,80f35cce819e8ccad6351f07f15eea7cbebf8e5720b544192d6af31c0b5dc082,a4b1167f1361e42ada6804b233aea99a74e16d96cc79595767347f89fd46ac13,20782bd75ebd328a19beff271eb033c1e9419d6c006424aa8a0777a63817cf6a,b01352e86d84f3bdb5bfbcf9491e28025230e477abf678881905d5e480bb7f54
motion_damping,pldm,motion_damping/pldm/scratch/s3072,1024,512,256,512,256,128,balanced_accuracy,0.462890625,0.435546875,0.4921875,,,,,,1.5209010142903123,16,0.05965379860651579,0.8176103097465047,1.0465238202556797,4.18216306443222,0.2121221192621851,8,b8f1d59e881aac0b34e36fd94ef7c1ca54eb36510011cc4efb96bbacb780f178,7ea6018a551cf8954d8e7f54161cd9de753c88ab4f78d2ece9b916c68908efca,14c47c3d167fedb7b859072e64be865eb7184010d79298a974529df5b0d1f3de,a4b1167f1361e42ada6804b233aea99a74e16d96cc79595767347f89fd46ac13,20782bd75ebd328a19beff271eb033c1e9419d6c006424aa8a0777a63817cf6a,6cd7254e79785788d5b3b2449e9937748760de76601764e83e92f680e8855d9a
motion_damping,dinowm,motion_damping/dinowm/scratch/s3072,1024,512,256,512,256,128,balanced_accuracy,0.49609375,0.466796875,0.52734375,,,,,,1.0207279740379738,16,0.17666436690341858,0.87889878136593,3.55565001986676,2.88535298704481,0.12686137851501258,3,3a4bcfe495619f503323c248363b1538e52590bb3bc685e03469bfd4d30a45ad,03098b4727a702647bf564b8b44357f24f51de27600f971df3304a13151dcbe0,a71d6e38f6749f1d356f82b3f4b6ae4f1f32e12d863e2e527e979d44b10b722d,a4b1167f1361e42ada6804b233aea99a74e16d96cc79595767347f89fd46ac13,20782bd75ebd328a19beff271eb033c1e9419d6c006424aa8a0777a63817cf6a,08ad9a09ab5377b04540ee26c637c80f48bd6cfd4fe707f3d6692e0819428ad8
cube_gripper_carry,lewm,cube_gripper_carry/lewm/scratch/s3072,1024,512,512,512,256,256,balanced_accuracy,0.615234375,0.589794921875,0.6406738281249997,,,,,,1.0005768570854305,16,0.0003716570365569126,1.000008252018212,0.314023550753593,0.005628447723013924,-0.02058837378171029,7,d09b23a91747229e57e2b9cf7d474ff50c8876885748d5f22f24d3b522a90a5c,bfefe0c106ad2339651d1977f4de4b4f06a9e32f83c95e51534dd44295ef6c9d,3b722e29fa59707664b2ca2a5d79077998d57d868a9b083de12da536bc36ce48,325b469185586185421bcb415d20b380c01424b1f409181f351281f84825417b,27409f9966be925fdc67970763d06b81c3a5de92a50e6666abe52b2401d616df,a0f0494879abe9b79ebf99f03f7156729002915e469503b1b398a6046e809af9
cube_gripper_carry,pldm,cube_gripper_carry/pldm/scratch/s3072,1024,512,512,512,256,256,balanced_accuracy,0.5,0.482421875,0.517578125,,,,,,0.9853853401678618,16,0.005566826850915583,1.0065072740911267,0.6534338601935504,0.07080555930984714,0.0019220453552535638,10,acff28a8c08d1052416844dbea0446b06e4b2f58f5e67462c80da6bff03eb4b5,e96aaa9047bb119c028cf06d41a8f760e3ec035f8c12635d596b228bec39fab1,b6bd885166b10c563be74d2475e22a05b24077b356bcf29bcce4258b8d8fe1f1,325b469185586185421bcb415d20b380c01424b1f409181f351281f84825417b,27409f9966be925fdc67970763d06b81c3a5de92a50e6666abe52b2401d616df,d91d61c2a790b99911ba9eca174f592a1d1d11cf2cc0ccd5f5f0721e4186d391
cube_gripper_carry,dinowm,cube_gripper_carry/dinowm/scratch/s3072,1024,512,512,512,256,256,balanced_accuracy,0.78515625,0.75390625,0.814453125,,,,,,0.8902029182754686,16,0.09377271881776914,0.8821722314025175,1.8231829758519165,1.2383267458232274,-0.040662042076203345,6,1506fa3b8074dafda3149b797fbc31276cb864ed01d18b9361e523a07f00e8a6,79a014c132dff2d5bc65c5c689eb693595ddca77777b0b0bf22c1c0d8892734c,70a5a21f8acde4909d096c3aa6db439e1b9c74e28bc55651531df549409035a7,325b469185586185421bcb415d20b380c01424b1f409181f351281f84825417b,27409f9966be925fdc67970763d06b81c3a5de92a50e6666abe52b2401d616df,ab6fc50f9ce168248c77e7e95a971738910089b2bcbedf34f3d48db96b19b0b9
door,lewm,door/lewm/scratch/s3072,512,512,512,600,300,300,balanced_accuracy,0.775,0.7483333333333333,0.8033333333333333,,,,,,0.040422451746919115,16,3.3332799724400988,0.043850738165122756,4.988226563014134,5.571759326358298,0.3807991971359216,0,8699017e30ce6fd4aab2f8e55de2b09293543702586dd0f3ef76d5c397acc8a5,6fd012d89d68a619adffacac5389c174d6e0fa79fc152198bba865633df6334b,90fad0b39ad5af4b88ae09bcac57d6e284530e968c6b93ce3267b56e84005ef2,4d73394dd81d9e2b1b12abdcee10f299ccf3b7a36c1d209370aebc2291b66a46,7654c5f7dd2b79778885b26ce2e1ed456477366207e7eceba8255e9dfeada3a4,9b78832c1f80929a0d2abef8cb7a9769a48b9e23d7033598c256282ddf6d8020
door,pldm,door/pldm/scratch/s3072,512,512,512,600,300,300,balanced_accuracy,1.0,1.0,1.0,,,,,,0.019770618225576787,16,7.968646058502202,0.01913285298813347,6.782341314406374,14.518404987999745,0.45417774976158665,0,4bf4caa4d9848b95ba9dde777e39a57503a388df7fbe92e2d86b2e09d5309856,ad2c00e576d3949f23b68218ec30a2049370c0b971e791d9c5097544ccc43011,a51f74dad0412e437b245697a8e7d0140d1d7d94e3bb6c0343c2e89b8bc143d3,4d73394dd81d9e2b1b12abdcee10f299ccf3b7a36c1d209370aebc2291b66a46,7654c5f7dd2b79778885b26ce2e1ed456477366207e7eceba8255e9dfeada3a4,38b3eb24a19a1429d5bd2d5e494d658b0ee86d3f1166a2e29106889349163ba2
door,dinowm,door/dinowm/scratch/s3072,512,512,512,600,300,300,balanced_accuracy,1.0,1.0,1.0,,,,,,0.22594621827409447,16,2.482135848937878,0.2312164385225972,10.233663218872007,29.43659672093353,0.7154387206260232,0,35ef1aae3de106a700684d5253c20308435623ddc48c55793cf23021a3c74bd1,fac6086f0b06309a05ea513c3a9b410971c076531196f902c165f9f8d3f3f562,de12e50a9b47c35c7e1c69f620f5481c3e71710f2924343dfb2238e9844ebc3d,4d73394dd81d9e2b1b12abdcee10f299ccf3b7a36c1d209370aebc2291b66a46,7654c5f7dd2b79778885b26ce2e1ed456477366207e7eceba8255e9dfeada3a4,bae65332072dbb039eddac0f2a844bb298bcedf2bef40acd1e8fa4a8ea097825
portal_exit,lewm,portal_exit/lewm/scratch/s3072,1024,512,512,512,256,256,balanced_accuracy,0.732421875,0.701171875,0.763671875,,,,,,0.917812608817007,16,0.0014616846534353284,0.9117192906742524,1.1009291130804282,0.04492432222922281,-0.009363437697271973,7,e4d8af10bc6a30f389ae8cb86ea9830592dff0a04ded10cdd3b8c156b8a94479,57023bade96d221b192ad6aed374f79a219ae46f0660328577ce0607e12de148,2bc20caa2a521027b6c273126c9087909ee2b2bf7074cf0e93ce177f3c65119d,52655c83ebc4ab0b05b6120c857ad6c4ef5730b30e2bc912d4aa2e5f106bcf62,713da245876216a7c4a180ca1908ce338cefc00abc8a9aa0740f12ad7a304969,baa796bfe91e4aea2887886f2f10b0b5d71b1c02ab65733f66c611a428f31ce8
portal_exit,pldm,portal_exit/pldm/scratch/s3072,1024,512,512,512,256,256,balanced_accuracy,0.552734375,0.525390625,0.5781738281249997,,,,,,0.12133774644529005,16,0.02964951667912108,0.08795696998471539,0.23694916687365875,0.28651988822828645,0.09984346891628165,1,95ac984c211d6b97e7a965307617637ae9e8c2feb9e636a29e9ccceec47fd91f,3a05bea5efe406a91b983a24729c005c7a50909f76187d99ec56a3841337b6b9,3e9710300ef3e6e91d2298457635072cf6f7b8c49847b718085d2c18a0c5094d,52655c83ebc4ab0b05b6120c857ad6c4ef5730b30e2bc912d4aa2e5f106bcf62,713da245876216a7c4a180ca1908ce338cefc00abc8a9aa0740f12ad7a304969,2f9106b9ed026d89e6b6d45f6173ad16321ecc3f70a8ab50e5384d96502cc860
portal_exit,dinowm,portal_exit/dinowm/scratch/s3072,1024,512,512,512,256,256,balanced_accuracy,1.0,1.0,1.0,,,,,,0.1425351834277126,16,1.1763164864563953,0.14163008656107604,4.634182483640132,5.134560782978525,0.3160172227976724,0,bff5f6ecc2575d7828b11dc3b7e1ad4735ae203112d950e58b35dd0289f34a6c,47dce60d96a4554b621a55240314e1e172b0d617f7ee5f3a706a9e071b48a466,c74254b344e2fc0a78dfc2a0f3086a28d5f1bcc625b8516c7116803f53c296c1,52655c83ebc4ab0b05b6120c857ad6c4ef5730b30e2bc912d4aa2e5f106bcf62,713da245876216a7c4a180ca1908ce338cefc00abc8a9aa0740f12ad7a304969,c2b30e0521dc999614015103e6d84a1bc32cb518ff6603471aa006085d4a7434
