id,task,family,regime,category,object,units,calibration_rmse,calibration_ci95,calibration_n_queries,matched_rmse,matched_ci95,matched_n_queries,mismatched_rmse,mismatched_ci95,mismatched_n_queries
action_delay/dinowm/scratch/s3072,action_delay,dinowm,scratch,all_rows,agent,px,0.8781721482000531,"[0.8465935417459112, 0.9141078438666308]",300,78.00742539527161,"[75.17622810422327, 80.63074700407374]",300,78.00748089203884,"[75.17627473888597, 80.63078435331556]",300
action_strength/dinowm/scratch/s3072,action_strength,dinowm,scratch,all_rows,block,px-equivalent,21.41040656710953,"[19.283990111550494, 23.728657555663688]",256,21.447573613869285,"[19.5517268404775, 23.621393307525462]",256,23.48100065197324,"[21.7215437656334, 25.438289895160516]",256
action_strength/dinowm/scratch/s3072,action_strength,dinowm,scratch,all_rows,pusher,px,77.3006294127559,"[69.4567747357141, 85.9278100776736]",256,70.76674682624142,"[63.32571145796072, 78.7092093455433]",256,74.18572896445885,"[67.26553186802512, 81.70732855874837]",256
action_strength/dinowm/scratch/s3072,action_strength,dinowm,scratch,paired_all_centers_in_canvas,block,px-equivalent,21.078351381012773,"[19.026880728607615, 23.404873438618647]",256,20.851796123659266,"[18.945226798796188, 23.054217240525613]",256,23.12305689094045,"[21.391708615722752, 25.096335659482424]",256
action_strength/dinowm/scratch/s3072,action_strength,dinowm,scratch,paired_all_centers_in_canvas,pusher,px,51.66847845181951,"[47.07014510746961, 57.73785887015]",256,50.380974495369415,"[45.90746279546712, 55.426483506241595]",256,56.475297232708655,"[52.33998241088909, 61.293225238419744]",256
action_strength/dinowm/scratch/s3072,action_strength,dinowm,scratch,paired_not_all_centers_in_canvas,block,px-equivalent,24.368914757576235,"[21.978362308871095, 26.867081556089204]",226,25.403634644731426,"[23.04904464953694, 27.9367515843561]",226,25.855864200725208,"[23.5534290160278, 28.347298309748084]",226
action_strength/dinowm/scratch/s3072,action_strength,dinowm,scratch,paired_not_all_centers_in_canvas,pusher,px,146.70303194530442,"[137.85118172901394, 155.59716094425045]",226,124.51482604993454,"[116.24981457295573, 132.91596671705975]",226,123.1035676132273,"[115.23937437548229, 131.2614787752096]",226
contact_friction/dinowm/scratch/s3072,contact_friction,dinowm,scratch,all_rows,block,px-equivalent,9.516932145482201,"[9.191643429211172, 9.881971049277922]",256,19.259379611393673,"[18.93033939995338, 19.59924457798764]",256,20.13836683767259,"[19.8315804340092, 20.47339561903965]",256
contact_friction/dinowm/scratch/s3072,contact_friction,dinowm,scratch,all_rows,pusher,px,23.945734218690195,"[23.319567754343204, 24.596115532545188]",256,38.82185389018072,"[38.07422409135424, 39.53604217767017]",256,38.82185389018072,"[38.07422409135424, 39.53604217767017]",256
contact_friction/dinowm/scratch/s3072,contact_friction,dinowm,scratch,paired_all_centers_in_canvas,block,px-equivalent,9.354210807251325,"[9.038829194828669, 9.708488487833698]",256,18.98639467895815,"[18.651118909363756, 19.346900866004727]",256,19.84866365033898,"[19.537786779024575, 20.175459424256765]",256
contact_friction/dinowm/scratch/s3072,contact_friction,dinowm,scratch,paired_all_centers_in_canvas,pusher,px,19.625540049302916,"[19.116244330660525, 20.117050320720484]",256,35.579385184808636,"[34.93615931227192, 36.17717740904677]",256,35.579385184808636,"[34.93615931227192, 36.17717740904677]",256
contact_friction/dinowm/scratch/s3072,contact_friction,dinowm,scratch,paired_not_all_centers_in_canvas,block,px-equivalent,15.455186963576853,"[13.983423165362268, 17.326344107614073]",194,29.95996885836083,"[27.13942531177101, 32.835742833177065]",194,31.422576179021434,"[28.528134551706472, 34.327781376938425]",194
contact_friction/dinowm/scratch/s3072,contact_friction,dinowm,scratch,paired_not_all_centers_in_canvas,pusher,px,95.55369664511815,"[89.76148228681195, 100.68252859557205]",194,103.73577365442446,"[100.8559165772236, 106.51886329621242]",194,103.73577365442446,"[100.8559165772236, 106.51886329621242]",194
cube_gripper_carry/dinowm/scratch/s3072,cube_gripper_carry,dinowm,scratch,all_rows,cube,mm,16.497066655988785,"[15.747979246790324, 17.227939896356133]",256,19.051158458233328,"[18.55080732042634, 19.601406879104157]",256,19.38113450516412,"[18.896816815390107, 19.919291915057478]",256
cube_gripper_carry/dinowm/scratch/s3072,cube_gripper_carry,dinowm,scratch,all_rows,effector,mm,5.958630838504864,"[5.657809835726782, 6.23671060571534]",256,5.492654755823675,"[5.2121856661537995, 5.778220809207811]",256,5.492654755823675,"[5.2121856661537995, 5.778220809207811]",256
door/dinowm/scratch/s3072,door,dinowm,scratch,all_rows,agent,px,0.6885472501662823,"[0.674893698946741, 0.7016761985721325]",300,13.39597288342662,"[13.26166070076403, 13.527289809298997]",300,33.07804491565634,"[32.969811679216996, 33.18771040884292]",300
motion_damping/dinowm/scratch/s3072,motion_damping,dinowm,scratch,all_rows,block,px-equivalent,34.603344407183975,"[33.42331773346256, 35.913935309005545]",256,67.761812138544,"[65.77852471086194, 69.76764673301943]",256,67.35727473041648,"[65.36291836631197, 69.36414409547139]",256
motion_damping/dinowm/scratch/s3072,motion_damping,dinowm,scratch,all_rows,pusher,px,156.38668160800944,"[153.5773136868399, 159.48048155450408]",256,155.84353153617434,"[152.99947213215953, 158.77010689759842]",256,155.84353153617434,"[152.99947213215953, 158.77010689759842]",256
motion_damping/dinowm/scratch/s3072,motion_damping,dinowm,scratch,paired_all_centers_in_canvas,block,px-equivalent,34.51514432004584,"[33.33352792346804, 35.83433238138417]",256,61.284476174296074,"[59.29499147831617, 63.20155870233635]",256,60.823339834390474,"[58.86508402376749, 62.719717616679304]",256
motion_damping/dinowm/scratch/s3072,motion_damping,dinowm,scratch,paired_all_centers_in_canvas,pusher,px,97.59588328294507,"[94.18925923748638, 101.35865076666565]",256,107.62337534173525,"[103.46883627796218, 111.92013783923527]",256,107.62337534173525,"[103.46883627796218, 111.92013783923527]",256
motion_damping/dinowm/scratch/s3072,motion_damping,dinowm,scratch,paired_not_all_centers_in_canvas,block,px-equivalent,34.81294961936498,"[33.644492984348375, 36.15775357129866]",256,84.28328585194251,"[81.65332757680245, 86.99768260242162]",256,83.96634695768074,"[81.3488182627617, 86.60429983681944]",256
motion_damping/dinowm/scratch/s3072,motion_damping,dinowm,scratch,paired_not_all_centers_in_canvas,pusher,px,272.0970007398424,"[267.36900876886574, 277.19147267608696]",256,255.62671129435017,"[251.87723889753786, 259.4347824215833]",256,255.62671129435017,"[251.87723889753786, 259.4347824215833]",256
portal_exit/dinowm/scratch/s3072,portal_exit,dinowm,scratch,all_rows,agent,px,6.2942101091793985,"[6.037216061861544, 6.584544159175316]",256,19.01471795492669,"[18.70045836590367, 19.30950283004493]",256,20.414324468865374,"[20.149785580624844, 20.672634178951895]",256
robot_arm_mass/dinowm/scratch/s3072,robot_arm_mass,dinowm,scratch,all_rows,finger,mm,9.875955016101855,"[9.71180647247891, 10.06407024254713]",256,36.661163397138694,"[33.052098959717675, 40.68554803899433]",256,36.71177307205819,"[33.08574277488947, 40.742696131470545]",256
speed/dinowm/scratch/s3072,speed,dinowm,scratch,all_rows,agent,px,0.546736110801337,"[0.5299503751334136, 0.5631589253300576]",300,10.000704328475642,"[9.877882518297797, 10.132978875026422]",300,10.131373963849862,"[10.005121666579477, 10.26429763753797]",300
action_strength/lewm/frozen/s3072,action_strength,lewm,frozen,all_rows,block,px-equivalent,23.709435303035022,"[21.975459837692902, 25.436282579831232]",256,25.033032146519336,"[23.472062234019496, 26.532039452101795]",256,26.958108569440302,"[25.50363603492735, 28.386672025065074]",256
action_strength/lewm/frozen/s3072,action_strength,lewm,frozen,all_rows,pusher,px,70.7978568908136,"[63.26403636454901, 78.75758564989]",256,66.35983625830484,"[59.54529328265457, 74.04477516366454]",256,70.22522708262242,"[63.98868125545321, 77.51586152203349]",256
action_strength/lewm/frozen/s3072,action_strength,lewm,frozen,paired_all_centers_in_canvas,block,px-equivalent,23.42078327229803,"[21.753765098034794, 25.08517208208782]",256,24.51997952562546,"[22.999873598789534, 26.018378747655962]",256,26.68253390725976,"[25.2616461550444, 28.117021348230598]",256
action_strength/lewm/frozen/s3072,action_strength,lewm,frozen,paired_all_centers_in_canvas,pusher,px,38.77147192950621,"[36.560893370832424, 41.04492742479338]",256,40.38083133574997,"[38.66205745777485, 42.10584452887441]",256,47.99611356590899,"[46.45445332065046, 49.530311725948295]",256
action_strength/lewm/frozen/s3072,action_strength,lewm,frozen,paired_not_all_centers_in_canvas,block,px-equivalent,26.580717295999694,"[24.505346756525935, 28.629572105429553]",226,28.4905518089495,"[26.476449287268533, 30.420825249233996]",226,28.752844463999523,"[26.711694520654437, 30.732663770049587]",226
action_strength/lewm/frozen/s3072,action_strength,lewm,frozen,paired_not_all_centers_in_canvas,pusher,px,147.35748767351637,"[139.3220722917117, 155.59475050180723]",226,124.47213008647702,"[116.68285298151395, 133.3185979508103]",226,124.31257700063213,"[116.75088496442064, 132.80880069314662]",226
action_strength/pldm/frozen/s3072,action_strength,pldm,frozen,all_rows,block,px-equivalent,29.78814010520929,"[28.032379054901572, 31.52178348047655]",256,31.198128361039785,"[29.489007747063077, 33.058583054311875]",256,32.59939438493483,"[30.899424262333504, 34.37402997882812]",256
action_strength/pldm/frozen/s3072,action_strength,pldm,frozen,all_rows,pusher,px,76.57234969554833,"[69.28518323337694, 84.58562911423685]",256,73.99299550051765,"[66.3549143149848, 82.57980445696282]",256,76.99897495955888,"[69.93954821972434, 85.01591656912821]",256
action_strength/pldm/frozen/s3072,action_strength,pldm,frozen,paired_all_centers_in_canvas,block,px-equivalent,29.35366013201873,"[27.663195849874636, 31.123181730429504]",256,30.300474883302048,"[28.652572086694683, 32.07960125244422]",256,31.896713026003702,"[30.30315784033645, 33.60168481206503]",256
action_strength/pldm/frozen/s3072,action_strength,pldm,frozen,paired_all_centers_in_canvas,pusher,px,46.32021003539544,"[43.965566625262966, 48.55686879824357]",256,46.79648228368795,"[44.63194787842078, 48.91619586252894]",256,53.56714219676747,"[51.537049956356, 55.58116234900474]",256
action_strength/pldm/frozen/s3072,action_strength,pldm,frozen,paired_not_all_centers_in_canvas,block,px-equivalent,34.09451316254289,"[31.916468570348865, 36.27965701084396]",226,37.181979040714005,"[34.70904314336632, 39.65361179517528]",226,37.491426627156564,"[34.98883676669953, 40.03097877563522]",226
action_strength/pldm/frozen/s3072,action_strength,pldm,frozen,paired_not_all_centers_in_canvas,pusher,px,154.14205792294402,"[146.1328134204273, 163.04858564867075]",226,138.40080968191,"[129.86896094996447, 147.87797486602855]",226,136.16050492340847,"[127.58970919124143, 145.66914293396644]",226
contact_friction/lewm/frozen/s3072,contact_friction,lewm,frozen,all_rows,block,px-equivalent,8.777570617976496,"[8.451130535139452, 9.156256844792729]",256,25.356109089932716,"[24.97022419948301, 25.72683806829188]",256,25.768439623172856,"[25.396112729649023, 26.136899494603238]",256
contact_friction/lewm/frozen/s3072,contact_friction,lewm,frozen,all_rows,pusher,px,26.707188595069375,"[26.13415800249978, 27.342662381219487]",256,50.033061627469436,"[49.181538226171355, 50.91521640085222]",256,50.033061627469436,"[49.181538226171355, 50.91521640085222]",256
contact_friction/lewm/frozen/s3072,contact_friction,lewm,frozen,paired_all_centers_in_canvas,block,px-equivalent,8.466600145972354,"[8.195202706512829, 8.768238389054517]",256,24.747694383218313,"[24.357665745909006, 25.126697071937315]",256,25.173845357723827,"[24.785420518552108, 25.546983227604027]",256
contact_friction/lewm/frozen/s3072,contact_friction,lewm,frozen,paired_all_centers_in_canvas,pusher,px,21.859255927406178,"[21.112762142462124, 22.625878811390525]",256,46.050596627856955,"[45.235714846219295, 46.92884016359828]",256,46.050596627856955,"[45.235714846219295, 46.92884016359828]",256
contact_friction/lewm/frozen/s3072,contact_friction,lewm,frozen,paired_not_all_centers_in_canvas,block,px-equivalent,17.03368520322586,"[13.63822366259482, 20.31437749656064]",194,45.773943954143405,"[42.57183222862214, 48.967681905094395]",194,45.89392299656824,"[42.67956571759098, 49.09287362810239]",194
contact_friction/lewm/frozen/s3072,contact_friction,lewm,frozen,paired_not_all_centers_in_canvas,pusher,px,107.18741299640764,"[101.58984010815936, 112.51174898848812]",194,133.4589694382593,"[129.82239265933933, 137.07913582619375]",194,133.4589694382593,"[129.82239265933933, 137.07913582619375]",194
contact_friction/pldm/frozen/s3072,contact_friction,pldm,frozen,all_rows,block,px-equivalent,13.90643877683741,"[13.344134186756973, 14.63501612501423]",256,27.943595349603925,"[27.28839435390915, 28.667477655428925]",256,28.340599721009117,"[27.685666442965076, 29.06152630204148]",256
contact_friction/pldm/frozen/s3072,contact_friction,pldm,frozen,all_rows,pusher,px,28.084884314056467,"[27.098631990725366, 29.146845422649363]",256,53.645441541275616,"[52.46937252773498, 54.79662826134475]",256,53.645441541275616,"[52.46937252773498, 54.79662826134475]",256
contact_friction/pldm/frozen/s3072,contact_friction,pldm,frozen,paired_all_centers_in_canvas,block,px-equivalent,13.50404049443608,"[12.92395453642337, 14.203451340571483]",256,27.412704259848017,"[26.746282336108976, 28.184365166172917]",256,27.818591331883617,"[27.14819879867573, 28.59993624489574]",256
contact_friction/pldm/frozen/s3072,contact_friction,pldm,frozen,paired_all_centers_in_canvas,pusher,px,23.743006107746098,"[22.590367744786867, 24.98951829040293]",256,48.79117434034214,"[47.565214312772795, 50.129001252100345]",256,48.79117434034214,"[47.565214312772795, 50.129001252100345]",256
contact_friction/pldm/frozen/s3072,contact_friction,pldm,frozen,paired_not_all_centers_in_canvas,block,px-equivalent,27.11600861868081,"[23.54994077575733, 30.680655660862225]",194,45.74231655314123,"[42.59812339401974, 48.83712039489587]",194,45.91986936090296,"[42.743721368702815, 49.03888091542599]",194
contact_friction/pldm/frozen/s3072,contact_friction,pldm,frozen,paired_not_all_centers_in_canvas,pusher,px,106.13887237777382,"[98.81005159723522, 113.38796398286888]",194,150.6290483026482,"[146.11270904430594, 154.98699360080207]",194,150.6290483026482,"[146.11270904430594, 154.98699360080207]",194
motion_damping/lewm/frozen/s3072,motion_damping,lewm,frozen,all_rows,block,px-equivalent,27.79744440748014,"[27.2083898079107, 28.47552108907166]",256,57.689513693136995,"[56.21282523697154, 59.294488902944]",256,57.5878969944132,"[56.11597996407618, 59.20829879740151]",256
motion_damping/lewm/frozen/s3072,motion_damping,lewm,frozen,all_rows,pusher,px,133.22257433251067,"[130.51319378854626, 136.31422971191702]",256,141.78404334809173,"[139.67737343800098, 144.14817879364136]",256,141.78404334809173,"[139.67737343800098, 144.14817879364136]",256
motion_damping/lewm/frozen/s3072,motion_damping,lewm,frozen,paired_all_centers_in_canvas,block,px-equivalent,26.92539728182351,"[26.42861733004411, 27.47313335596279]",256,50.67960928854866,"[49.128288162874, 52.17753549810041]",256,50.56779341015332,"[49.01718451205742, 52.08092676651363]",256
motion_damping/lewm/frozen/s3072,motion_damping,lewm,frozen,paired_all_centers_in_canvas,pusher,px,51.336279275862104,"[50.10227027640032, 52.7537423583965]",256,57.2136463576074,"[54.90362547976225, 59.774304832976206]",256,57.2136463576074,"[54.90362547976225, 59.774304832976206]",256
motion_damping/lewm/frozen/s3072,motion_damping,lewm,frozen,paired_not_all_centers_in_canvas,block,px-equivalent,29.997359656828273,"[29.02390001275733, 31.128648502197645]",256,75.10586466623354,"[73.04541070663377, 77.07936545960486]",256,75.02022285239205,"[72.96666046526688, 76.99229442805014]",256
motion_damping/lewm/frozen/s3072,motion_damping,lewm,frozen,paired_not_all_centers_in_canvas,pusher,px,259.51592544595417,"[255.22497941995505, 263.99747045869066]",256,276.9510792461152,"[270.9638055823949, 283.32728114493506]",256,276.9510792461152,"[270.9638055823949, 283.32728114493506]",256
motion_damping/pldm/frozen/s3072,motion_damping,pldm,frozen,all_rows,block,px-equivalent,37.211605173795895,"[36.1364065960585, 38.479478599231484]",256,58.752622931335424,"[57.085342462324554, 60.37504516098704]",256,58.70056044861945,"[57.03466084117427, 60.32102990399815]",256
motion_damping/pldm/frozen/s3072,motion_damping,pldm,frozen,all_rows,pusher,px,136.47165439940582,"[134.0046476736575, 139.44418742090102]",256,142.1192085882194,"[140.39057636765722, 143.967032257387]",256,142.1192085882194,"[140.39057636765722, 143.967032257387]",256
motion_damping/pldm/frozen/s3072,motion_damping,pldm,frozen,paired_all_centers_in_canvas,block,px-equivalent,34.90601576046565,"[34.137103037334896, 35.76105231484614]",256,51.621588743134204,"[49.76232278531277, 53.31214941260342]",256,51.56581781510673,"[49.70813032351147, 53.26249650288441]",256
motion_damping/pldm/frozen/s3072,motion_damping,pldm,frozen,paired_all_centers_in_canvas,pusher,px,52.65116357267058,"[50.534908135161494, 54.80717481181085]",256,61.498708604189005,"[57.530143728922766, 65.77508211376168]",256,61.498708604189005,"[57.530143728922766, 65.77508211376168]",256
motion_damping/pldm/frozen/s3072,motion_damping,pldm,frozen,paired_not_all_centers_in_canvas,block,px-equivalent,42.46033962435832,"[40.45711212428649, 44.76000501989685]",256,75.75343840491566,"[73.51028718574777, 78.04856410878628]",256,75.7104119990814,"[73.46853961081402, 77.99151524250692]",256
motion_damping/pldm/frozen/s3072,motion_damping,pldm,frozen,paired_not_all_centers_in_canvas,pusher,px,264.8564460746207,"[260.8220930348605, 269.56774531277546]",256,273.0127875491234,"[268.5045198183913, 277.52445340141327]",256,273.0127875491234,"[268.5045198183913, 277.52445340141327]",256
