id,task,task_zh,model,regime,measurement_status,evidence_kind,training_seed,training_epochs,training_dataset_id,training_dataset_manifest_sha256,training_data_version,training_history_length,evaluation_history_tokens,frozen_encoder_semantics,initialization_mode,init_weights_sha256,checkpoint_sha256,result_sha256,metric_name,evaluation_split,cem_reference_scope,cem_evaluation_count,cem_budget,comparison_variant,training_pair_count,score_main,score_worst,score_history,score_switch,score_joint,score_gain,score_alignment,score_nre,score_calibrated,score_cem,cem_seed42_percent,cem_seed43_percent,cem_seed44_percent,cem_seed45_percent,cem_seed46_percent,cem_seed47_percent,speed_tracks_present
action_delay/lewm/original,action_delay,动作延迟,lewm,original,available,icl_development,3073,,,,,3,7,,,,53103e123ce03c2fcd8889cbf39a92d1bbd998f2b067342203e38962b2c5c519,d20a5479679100b8b30a539db14255c833cf4242ddcbf15fb7e66ef4c7ae26c1,physical_group_macro_accuracy,development,"original-environment CEM (not history-conditioned, not per-task)",300,6x50,,,16.66666666666667,0.0,,,,,,,,93.0,92.0,94.0,94.0,92.0,96.0,90.0,no
action_delay/lewm/scratch,action_delay,动作延迟,lewm,scratch,available,icl_development,3072,10,tworoom-action-delay,46f5cdb8028b3cfca0d2885ee1f4bc2f2ea17a5df72f529d3d3648c191867bc1,ContextWorld-v1,7,7,,,,72684787f14ef3b84f6fa47814bd8dc367ea34f5acb2839d6b5e726efdff1e09,b35b16d8378b83d8f9ee6d0511191c4a2f4245a4ab695298ddafcb90b419dd81,physical_group_macro_accuracy,development,original_environment_planning_6x50,300,6x50,,,97.21296296296296,94.27777777777779,98.51515151515152,100.0,,0.9742825109155705,0.9939386505580122,0.012274050812152423,100.0,90.0,90.0,94.0,88.0,92.0,86.0,90.0,no
action_delay/lewm/joint,action_delay,动作延迟,lewm,joint,not_measured,none,,,,,,,,,,,,,,,,,,,,,,,,,,,,,,,,,,,,no
action_delay/lewm/frozen,action_delay,动作延迟,lewm,frozen,not_measured,none,,,,,,,,,,,,,,,,,,,,,,,,,,,,,,,,,,,,no
action_delay/pldm/original,action_delay,动作延迟,pldm,original,available,icl_development,3073,,,,,3,7,,,,ae5f3709e0b10f8e56202a82db177d48f9d0a5780665c67b559d28b15914a4fd,813eec05bfc308507578d094d16d9dfafb3fac43a52920633bae85cdd5b1be5d,physical_group_macro_accuracy,development,"original-environment CEM (not history-conditioned, not per-task)",300,6x50,,,16.66666666666667,0.0,,,,,,,,84.66666666666667,82.0,88.0,84.0,86.0,86.0,82.0,no
action_delay/pldm/scratch,action_delay,动作延迟,pldm,scratch,available,icl_development,3072,10,tworoom-action-delay,46f5cdb8028b3cfca0d2885ee1f4bc2f2ea17a5df72f529d3d3648c191867bc1,ContextWorld-v1,7,7,,,,e4041d758e21c48161f4297966e051e36be780a5bdfecbe6b8ff9ec02246c853,c778bb3dd3087f94fff483735b67b27428dd5877f2ab2d6b68eb568030abde40,physical_group_macro_accuracy,development,original_environment_planning_6x50,300,6x50,,,100.0,100.0,100.0,100.0,,0.9948241577077781,0.9967408682239767,0.006509426919683113,100.0,91.0,96.0,90.0,96.0,82.0,88.0,94.0,no
action_delay/pldm/joint,action_delay,动作延迟,pldm,joint,not_measured,none,,,,,,,,,,,,,,,,,,,,,,,,,,,,,,,,,,,,no
action_delay/pldm/frozen,action_delay,动作延迟,pldm,frozen,not_measured,none,,,,,,,,,,,,,,,,,,,,,,,,,,,,,,,,,,,,no
action_delay/dinowm/original,action_delay,动作延迟,dinowm,original,not_measured,cem_reference_only,3073,,,,,3,,pretrained_visual_encoder_frozen_predictor_trainable,,,20fe17831fac40bcb77f750104c5790626a218b3932778d02e88d91d9b4be23e,,,,original_environment_planning_6x50,300,6x50,,,,,,,,,,,,100.0,100.0,100.0,100.0,100.0,100.0,100.0,no
action_delay/dinowm/scratch,action_delay,动作延迟,dinowm,scratch,available,icl_development,3072,10,tworoom-action-delay,46f5cdb8028b3cfca0d2885ee1f4bc2f2ea17a5df72f529d3d3648c191867bc1,ContextWorld-v1,7,7,pretrained_visual_encoder_frozen_predictor_trainable,,,2b8a8a7395a7845f44355261e0d89fe0b8af6bee78504d0b3a9cb1f65791d94d,41d31d961c5f77fd18070977e025fe1daefa474332d595323ed8200a1351c61f,physical_group_macro_accuracy,development,original_environment_planning_6x50,300,6x50,,,16.61111111111111,9.333333333333334,21.12121212121212,46.04999999999999,,-1.8876876587415682e-05,-0.0020434789414450222,1.0001230873280547,35.3,47.0,44.0,44.0,57.99999999999999,32.0,46.0,57.99999999999999,no
action_delay/dinowm/frozen,action_delay,动作延迟,dinowm,frozen,not_measured,none,,,,,,,,,,,,,,,,,,,,,,,,,,,,,,,,,,,,no
door/lewm/original,door,门通行规则,lewm,original,available,icl_development,3073,,,,,3,3,,,,53103e123ce03c2fcd8889cbf39a92d1bbd998f2b067342203e38962b2c5c519,c5095abb94ddf36ca2457930375708de570f9d0088f7a1cd5e48e480b542e54c,same_history_two_target_accuracy,development,"original-environment CEM (not history-conditioned, not per-task)",300,6x50,,,50.0,2.3333333333333335,40.666666666666664,56.333333333333336,,0.0016165734557873387,0.052277293340365544,0.9977230882279825,54.0,93.0,92.0,94.0,94.0,92.0,96.0,90.0,no
door/lewm/scratch,door,门通行规则,lewm,scratch,available,icl_development,3072,10,tworoom-door,46f5cdb8028b3cfca0d2885ee1f4bc2f2ea17a5df72f529d3d3648c191867bc1,ContextWorld-v1,3,3,,,,8699017e30ce6fd4aab2f8e55de2b09293543702586dd0f3ef76d5c397acc8a5,9b78832c1f80929a0d2abef8cb7a9769a48b9e23d7033598c256282ddf6d8020,same_history_two_target_accuracy,development,original_environment_planning_6x50,300,6x50,,,100.0,100.0,100.0,100.0,,0.959918658615771,0.9795803537355936,0.040422451746919115,100.0,97.33333333333333,94.0,100.0,98.0,96.0,98.0,98.0,no
door/lewm/joint,door,门通行规则,lewm,joint,available,icl_development,3072,10,tworoom-door,4c5b9cdc84006caeac2a9770501f943affe2b81e32d70c27ab504770b28a93c4,ContextWorld-v1,3,3,,warmstart,53103e123ce03c2fcd8889cbf39a92d1bbd998f2b067342203e38962b2c5c519,9e0555addfd914bd1d305dd854ee88cc4d4d18e016bf2663a5bad38e4f7f5def,6bcb9071e9ce9ff32c857eb154f77d3bcd86ccee132db353471da464a8000a91,same_history_two_target_accuracy,development,original_environment,300,6x50,,,100.0,100.0,100.0,100.0,,0.9198150885934331,0.9770934968740118,0.046563839034534676,100.0,97.66666666666667,98.0,100.0,98.0,96.0,94.0,100.0,no
door/lewm/frozen,door,门通行规则,lewm,frozen,available,icl_development,3072,10,tworoom-door,4c5b9cdc84006caeac2a9770501f943affe2b81e32d70c27ab504770b28a93c4,ContextWorld-v1,3,3,full_model_warmstart_encoder_only_frozen,warmstart,53103e123ce03c2fcd8889cbf39a92d1bbd998f2b067342203e38962b2c5c519,d13d077363c681cfc3d9e586d07ce51625ca0ad61edcb5fe63ec0d565f6fce29,df66b9e45d3d5cbecdd1d92cb1bb57857b0468d85c90f53c24c0cacce4d978ad,same_history_two_target_accuracy,development,original_environment,300,6x50,,,100.0,100.0,100.0,100.0,,0.9792215883445772,0.9819034097130481,0.036101787748611246,100.0,94.0,92.0,92.0,94.0,96.0,94.0,96.0,no
door/pldm/original,door,门通行规则,pldm,original,available,icl_development,3073,,,,,3,3,,,,ae5f3709e0b10f8e56202a82db177d48f9d0a5780665c67b559d28b15914a4fd,91f38d980e95a8e6d7a29bc8690b395298a12e53557f738f7750b557eeb41bbf,same_history_two_target_accuracy,development,"original-environment CEM (not history-conditioned, not per-task)",300,6x50,,,49.833333333333336,5.0,51.83333333333333,65.0,,0.0006808262995530483,0.03047942474646706,0.9991372998000716,62.0,84.66666666666667,82.0,88.0,84.0,86.0,86.0,82.0,no
door/pldm/scratch,door,门通行规则,pldm,scratch,available,icl_development,3072,10,tworoom-door,46f5cdb8028b3cfca0d2885ee1f4bc2f2ea17a5df72f529d3d3648c191867bc1,ContextWorld-v1,3,3,,,,4bf4caa4d9848b95ba9dde777e39a57503a388df7fbe92e2d86b2e09d5309856,38b3eb24a19a1429d5bd2d5e494d658b0ee86d3f1166a2e29106889349163ba2,same_history_two_target_accuracy,development,original_environment_planning_6x50,300,6x50,,,100.0,100.0,100.0,100.0,,1.0502510034550008,0.9922731577349582,0.019770618225576787,100.0,95.66666666666667,96.0,94.0,96.0,98.0,96.0,94.0,no
door/pldm/joint,door,门通行规则,pldm,joint,available,icl_development,3072,10,tworoom-door,4c5b9cdc84006caeac2a9770501f943affe2b81e32d70c27ab504770b28a93c4,ContextWorld-v1,3,3,,warmstart,ae5f3709e0b10f8e56202a82db177d48f9d0a5780665c67b559d28b15914a4fd,7b56c1b8906b37851a0224b6c6394392fe79176bef529e54177cba1ecd471849,c119da1c8cc94be954b01892dfeea433c155e93b5c83961dd65be74e702262ee,same_history_two_target_accuracy,development,original_environment,300,6x50,,,100.0,100.0,100.0,100.0,,0.9931444367486315,0.9865973328420892,0.027027252797937423,100.0,99.33333333333333,98.0,100.0,100.0,100.0,98.0,100.0,no
door/pldm/frozen,door,门通行规则,pldm,frozen,available,icl_development,3072,10,tworoom-door,4c5b9cdc84006caeac2a9770501f943affe2b81e32d70c27ab504770b28a93c4,ContextWorld-v1,3,3,full_model_warmstart_encoder_only_frozen,warmstart,ae5f3709e0b10f8e56202a82db177d48f9d0a5780665c67b559d28b15914a4fd,44e49cf4f7b5210ca49f0a9e837e9c5a5804c92f71f7517b81cb7235b80141e9,5e651370ddb6bc9453c89566f1eecb86107760648c6e29ff18afd34314eac287,same_history_two_target_accuracy,development,original_environment,300,6x50,,,100.0,100.0,100.0,100.0,,1.007129514648728,0.9765489088707456,0.04935155070717708,100.0,98.66666666666667,98.0,100.0,100.0,98.0,96.0,100.0,no
door/dinowm/original,door,门通行规则,dinowm,original,available,icl_development,3073,,,,,3,3,pretrained_visual_encoder_frozen_predictor_trainable,,,20fe17831fac40bcb77f750104c5790626a218b3932778d02e88d91d9b4be23e,416f1e7327a5562154446f73900070f4c4c7dd8d1a2b648405f7110cdc1e955d,same_history_two_target_accuracy,development,original_environment_planning_6x50,300,6x50,,,50.16666666666667,0.33333333333333337,61.0,95.33333333333334,,0.008369059721477683,0.1592026780278876,0.9860253368241955,91.66666666666666,100.0,100.0,100.0,100.0,100.0,100.0,100.0,no
door/dinowm/scratch,door,门通行规则,dinowm,scratch,available,icl_development,3072,10,tworoom-door,46f5cdb8028b3cfca0d2885ee1f4bc2f2ea17a5df72f529d3d3648c191867bc1,ContextWorld-v1,3,3,pretrained_visual_encoder_frozen_predictor_trainable,,,35ef1aae3de106a700684d5253c20308435623ddc48c55793cf23021a3c74bd1,bae65332072dbb039eddac0f2a844bb298bcedf2bef40acd1e8fa4a8ea097825,same_history_two_target_accuracy,development,original_environment_planning_6x50,300,6x50,,,100.0,100.0,100.0,100.0,,0.7634709170222791,0.8798877986827489,0.22594621827409447,100.0,97.66666666666667,100.0,96.0,98.0,98.0,98.0,96.0,no
door/dinowm/frozen,door,门通行规则,dinowm,frozen,not_measured,none,,,,,,,,,,,,,,,,,,,,,,,,,,,,,,,,,,,,no
speed/lewm/original,speed,速度,lewm,original,available,icl_development,3073,,,,,3,3,,,,53103e123ce03c2fcd8889cbf39a92d1bbd998f2b067342203e38962b2c5c519,7ccf2b23e3c27eda8e35a99c59e2266c5db6eb023a468b7918d4375e98706d4e,reference_speed_balanced_strict_query_win_rate_vs_every_other,development,"original-environment CEM (not history-conditioned, not per-task)",300,6x50,,,60.11111111111111,22.666666666666664,60.11111111111111,83.66666666666666,,0.0685530073822511,0.7028730243690806,0.8724065860397654,77.44444444444444,93.0,92.0,94.0,94.0,92.0,96.0,90.0,yes
speed/lewm/scratch,speed,速度,lewm,scratch,available,icl_development,3072,10,tworoom-speed,46f5cdb8028b3cfca0d2885ee1f4bc2f2ea17a5df72f529d3d3648c191867bc1,ContextWorld-v1,3,3,,,,bf8aab90eb010c87650a2733a8075a0975d4c7b4c107d5c2c41f899589d763c2,e5c4d7c73e00f75b386d8da4a56850143dd9d256d8f6e71586851adf84d15fd6,reference_speed_balanced_strict_query_win_rate_vs_every_other,development,original_environment_planning_6x50,300,6x50,,,97.55555555555556,94.66666666666667,97.55555555555556,100.0,,1.0190803323814928,0.9758906722081466,0.052311303973198275,100.0,97.33333333333333,96.0,98.0,100.0,92.0,98.0,100.0,yes
speed/lewm/joint,speed,速度,lewm,joint,available,icl_development,3072,10,tworoom-speed,4c5b9cdc84006caeac2a9770501f943affe2b81e32d70c27ab504770b28a93c4,ContextWorld-v1,3,3,,warmstart,53103e123ce03c2fcd8889cbf39a92d1bbd998f2b067342203e38962b2c5c519,a629bb0f6147660239e1c57e8e0dff0e6aea3c9e829fe1acafec1902cd0b57d9,e37df6b9a5080eea175ae8a23b06873e45bef87b166aa9887718e45758b608a7,reference_speed_balanced_strict_query_win_rate_vs_every_other,development,original_environment,300,6x50,,,96.66666666666667,93.33333333333333,96.66666666666667,100.0,,0.9635397036346954,0.9722663217053849,0.05505006732135016,100.0,97.0,96.0,98.0,100.0,92.0,96.0,100.0,yes
speed/lewm/frozen,speed,速度,lewm,frozen,available,icl_development,3072,10,tworoom-speed,4c5b9cdc84006caeac2a9770501f943affe2b81e32d70c27ab504770b28a93c4,ContextWorld-v1,3,3,full_model_warmstart_encoder_only_frozen,warmstart,53103e123ce03c2fcd8889cbf39a92d1bbd998f2b067342203e38962b2c5c519,a381515ca1d4dfabcecf512402dc691b63b9a4b17896cecfaffa59d42b3f9130,d2b6536eadb7e0e932d7deb092544c16212946f11ff938876bb33ef0d5627bc8,reference_speed_balanced_strict_query_win_rate_vs_every_other,development,original_environment,300,6x50,,,98.55555555555556,97.33333333333334,98.55555555555556,100.0,,0.9837275611272202,0.9849636650768921,0.030036504382738007,100.0,95.0,92.0,94.0,98.0,92.0,94.0,100.0,yes
speed/pldm/original,speed,速度,pldm,original,available,icl_development,3073,,,,,3,3,,,,ae5f3709e0b10f8e56202a82db177d48f9d0a5780665c67b559d28b15914a4fd,4542a3f5496e032b42d0f0206ed65b5b26211306ab96f55d4e0fb4523b6698e0,reference_speed_balanced_strict_query_win_rate_vs_every_other,development,"original-environment CEM (not history-conditioned, not per-task)",300,6x50,,,43.44444444444444,11.333333333333332,43.44444444444444,82.44444444444444,,0.02537479978178269,0.39082270333190366,0.9534658672966136,80.66666666666666,84.66666666666667,82.0,88.0,84.0,86.0,86.0,82.0,yes
speed/pldm/scratch,speed,速度,pldm,scratch,available,icl_development,3072,10,tworoom-speed,46f5cdb8028b3cfca0d2885ee1f4bc2f2ea17a5df72f529d3d3648c191867bc1,ContextWorld-v1,3,3,,,,7368e19623db2c16eeabad09704e33cf7df59fc81a537c7ca595c4d2d5b9a7e8,44927009a190aa5bcb78bd551ad515e6553dddc8996431efcce38df263f4cf82,reference_speed_balanced_strict_query_win_rate_vs_every_other,development,original_environment_planning_6x50,300,6x50,,,97.66666666666666,94.66666666666667,97.66666666666666,100.0,,1.0186550808845587,0.9632832294139253,0.08095890749533266,100.0,97.0,96.0,98.0,100.0,94.0,96.0,98.0,yes
speed/pldm/joint,speed,速度,pldm,joint,available,icl_development,3072,10,tworoom-speed,4c5b9cdc84006caeac2a9770501f943affe2b81e32d70c27ab504770b28a93c4,ContextWorld-v1,3,3,,warmstart,ae5f3709e0b10f8e56202a82db177d48f9d0a5780665c67b559d28b15914a4fd,7e86f9b3f885ef513836c806d9b7e23728e35a53625bccacbc5ce1708e2ae389,dd3175f6b2fe1f6096e481f77802be52963c2a2166ed16bf588e8de8f57214c4,reference_speed_balanced_strict_query_win_rate_vs_every_other,development,original_environment,300,6x50,,,98.88888888888889,98.0,98.88888888888889,100.0,,0.9852102997302153,0.9772207035412905,0.04599791679459515,100.0,96.33333333333333,94.0,98.0,100.0,92.0,96.0,98.0,yes
speed/pldm/frozen,speed,速度,pldm,frozen,available,icl_development,3072,10,tworoom-speed,4c5b9cdc84006caeac2a9770501f943affe2b81e32d70c27ab504770b28a93c4,ContextWorld-v1,3,3,full_model_warmstart_encoder_only_frozen,warmstart,ae5f3709e0b10f8e56202a82db177d48f9d0a5780665c67b559d28b15914a4fd,94ec9c74cff5adcd947c7a4b02d2b42a9697cd4a293b77f8d27c2d975bb8a1e0,46d33e26ceb0e4ffa289b1fa0dcdf111126756d2a62410df88c86fe043519217,reference_speed_balanced_strict_query_win_rate_vs_every_other,development,original_environment,300,6x50,,,95.55555555555557,93.0,95.55555555555557,100.0,,0.9533238296315393,0.9672158514640541,0.06483283917791433,98.55555555555556,98.0,98.0,96.0,100.0,96.0,98.0,100.0,yes
speed/dinowm/original,speed,速度,dinowm,original,available,icl_development,3073,,,,,3,3,pretrained_visual_encoder_frozen_predictor_trainable,,,20fe17831fac40bcb77f750104c5790626a218b3932778d02e88d91d9b4be23e,b92e1e3885ba6bcc18d374244bed71cb941e18a3216724fa35528e8f62c5b895,reference_speed_balanced_strict_query_win_rate_vs_every_other,development,original_environment_planning_6x50,300,6x50,,,58.55555555555556,28.000000000000004,58.55555555555556,82.55555555555554,,0.05350784963949564,0.28447275072385475,0.9283639604412296,76.44444444444444,100.0,100.0,100.0,100.0,100.0,100.0,100.0,yes
speed/dinowm/scratch,speed,速度,dinowm,scratch,available,icl_development,3072,10,tworoom-speed,46f5cdb8028b3cfca0d2885ee1f4bc2f2ea17a5df72f529d3d3648c191867bc1,ContextWorld-v1,3,3,pretrained_visual_encoder_frozen_predictor_trainable,,,7887e636b1f37f43f31c185ba0bdf8ba550ba708fdd5e274b2843a43d2cf8439,823727f635e1c288f3aab2fd6ce682425c198546c548fdc5bd4ba4236438dfe5,reference_speed_balanced_strict_query_win_rate_vs_every_other,development,original_environment_planning_6x50,300,6x50,,,55.22222222222223,28.999999999999996,55.22222222222223,80.0,,0.02825660411858479,0.2080577760939808,0.9619315102033243,74.77777777777777,100.0,100.0,100.0,100.0,100.0,100.0,100.0,yes
speed/dinowm/frozen,speed,速度,dinowm,frozen,available,icl_development,3073,10,tworoom-speed,4c5b9cdc84006caeac2a9770501f943affe2b81e32d70c27ab504770b28a93c4,ContextWorld-v1,3,3,pretrained_visual_encoder_frozen_predictor_trainable,warmstart,20fe17831fac40bcb77f750104c5790626a218b3932778d02e88d91d9b4be23e,80f4f495b7dc11ba9e9e825528a08ba572521db1365855c76bad9c52ad4007d9,d137db4b67d212459abd4ff0efe8764b0d16b9e8134e60cf26da62195f33ab76,reference_speed_balanced_strict_query_win_rate_vs_every_other,development,original_environment,300,6x50,,,86.0,66.66666666666666,86.0,99.77777777777777,,0.5050531929814578,0.778524566716577,0.410745811532073,99.55555555555556,100.0,100.0,100.0,100.0,100.0,100.0,100.0,yes
action_strength/lewm/original,action_strength,推手移动幅度,lewm,original,available,icl_development,3073,,,,,3,3,,,,9f13b2c28bb909338047e08d62bf6eb16ea3616cb53e57cfa9b5072b43db1c59,7147dd4eef648b56818db48fc3463475ecaf997af62159f191d6d31e09cd1d28,correct_future_rate,development,"original-environment CEM (not history-conditioned, not per-task)",300,6x50,,,50.1953125,23.046875,39.0625,36.71875,1.171875,-0.0008352684315038762,-0.024352501843502634,1.0028469638154407,34.765625,78.33333333333333,72.0,84.0,70.0,86.0,82.0,76.0,no
action_strength/lewm/scratch,action_strength,推手移动幅度,lewm,scratch,available,icl_development,3072,10,pusht-action-strength,9328c931a6891aaa37b32094e779eccc58de5bf893869dd0537635f687d047e3,ContextWorld-action-strength-32k-v1,3,3,,,,aa296d32cdd20bf817545f7feb027f4bdc5cd87ee99547bb990c433e8915bed1,1fa31d81cd60d73a3c5c9bb429a796df9ce78dfb62ce1d96e1cc706b71c0910b,correct_future_rate,development,original_environment_planning_6x50,300,6x50,,32768,50.78125,13.28125,73.6328125,79.6875,1.5625,0.010339183086538584,0.23599990374067786,0.9812409600640022,78.125,78.66666666666667,76.0,78.0,74.0,82.0,78.0,84.0,no
action_strength/lewm/joint,action_strength,推手移动幅度,lewm,joint,available,icl_development,3072,10,pusht-action-strength,9328c931a6891aaa37b32094e779eccc58de5bf893869dd0537635f687d047e3,ContextWorld-action-strength-32k-v1,3,3,,warmstart,9f13b2c28bb909338047e08d62bf6eb16ea3616cb53e57cfa9b5072b43db1c59,e7c8fcb342c330beca0f7c7aff6582145a2039dd97797785651e7b63e9dd2ce2,a627740c344beda0ee064193a7bc4db586ad795aa72a260638ba47ae41ba0b39,correct_future_rate,development,original_environment_planning_6x50,300,6x50,,32768,90.8203125,82.421875,97.4609375,99.609375,80.078125,0.7572953725833806,0.8821950445702125,0.22229707510273547,97.65625,86.0,84.0,84.0,82.0,90.0,86.0,90.0,no
action_strength/lewm/frozen,action_strength,推手移动幅度,lewm,frozen,available,icl_development,3072,10,pusht-action-strength,9328c931a6891aaa37b32094e779eccc58de5bf893869dd0537635f687d047e3,ContextWorld-action-strength-32k-v1,3,3,full_model_warmstart_encoder_only_frozen,warmstart,9f13b2c28bb909338047e08d62bf6eb16ea3616cb53e57cfa9b5072b43db1c59,0097aa2e5c352e957cb17382c7518a49c8a266f42a8dc1384d41934a5515d225,0ba0ab895206333239a57508c643bea968c2cf1963ec7f51bfa92c7cbd356b89,correct_future_rate,development,original_environment_planning_6x50,300,6x50,,32768,97.265625,94.53125,98.046875,99.21875,92.1875,0.8792875536684908,0.9256489208324458,0.14376290532611674,96.875,73.66666666666667,68.0,76.0,78.0,76.0,76.0,68.0,no
action_strength/pldm/original,action_strength,推手移动幅度,pldm,original,available,icl_development,3073,,,,,3,3,,,,8227ebb275f1a7ce0348b863b87b5c1fc534068eced1e352c060738d3c96dc04,479c73b00b525b2382c37949bb812673a41a0ce25d4f91197efc9bdcdcb898e6,correct_future_rate,development,"original-environment CEM (not history-conditioned, not per-task)",300,6x50,,,48.828125,34.375,15.4296875,13.671875,1.171875,-0.020077261118419926,-0.44552941776905475,1.0421852708444344,13.671875,73.0,80.0,78.0,60.0,74.0,72.0,74.0,no
action_strength/pldm/scratch,action_strength,推手移动幅度,pldm,scratch,available,icl_development,3072,10,pusht-action-strength,9328c931a6891aaa37b32094e779eccc58de5bf893869dd0537635f687d047e3,ContextWorld-action-strength-32k-v1,3,3,,,,b3e4cb257ae822501909e6ab99fe0919f35e60ee50eff08b6075cbb22f476594,8fe25e61a9cb63e93572002d04754d35ae891be085c7053a25ffb4634969f5c8,correct_future_rate,development,original_environment_planning_6x50,300,6x50,,32768,56.640625,47.265625,66.6015625,77.734375,11.71875,0.11537967130965758,0.3245088519097529,0.8956576629424007,67.1875,61.33333333333333,62.0,72.0,57.99999999999999,60.0,62.0,54.0,no
action_strength/pldm/joint,action_strength,推手移动幅度,pldm,joint,available,icl_development,3072,10,pusht-action-strength,9328c931a6891aaa37b32094e779eccc58de5bf893869dd0537635f687d047e3,ContextWorld-action-strength-32k-v1,3,3,,warmstart,8227ebb275f1a7ce0348b863b87b5c1fc534068eced1e352c060738d3c96dc04,c381ba772729826b05769210d2c404ba25c1c6515e9344b33648fc80d8b68526,49369e21fe19c079759fe21063f2d5f5f5d89bffea4299bce50b842ea2d0b0f1,correct_future_rate,development,original_environment_planning_6x50,300,6x50,,32768,60.546875,60.15625,73.828125,87.109375,17.96875,0.21975994492010947,0.4508356361896239,0.7980878593053528,76.171875,72.0,78.0,72.0,66.0,74.0,74.0,68.0,no
action_strength/pldm/frozen,action_strength,推手移动幅度,pldm,frozen,available,icl_development,3072,10,pusht-action-strength,9328c931a6891aaa37b32094e779eccc58de5bf893869dd0537635f687d047e3,ContextWorld-action-strength-32k-v1,3,3,full_model_warmstart_encoder_only_frozen,warmstart,8227ebb275f1a7ce0348b863b87b5c1fc534068eced1e352c060738d3c96dc04,0d87bc00ac008d1467dd1a964de580c4fb68b616daff70fe35fab27d20089e8a,a3faace137aa0d4f6b0b71c62638b0afd8f1a7c38d41223e72e5532e4b62d97c,correct_future_rate,development,original_environment_planning_6x50,300,6x50,,32768,98.046875,96.09375,99.609375,100.0,94.921875,0.9085392066514288,0.9409988047614257,0.11512181115030837,99.21875,59.333333333333336,66.0,62.0,52.0,64.0,56.00000000000001,56.00000000000001,no
action_strength/dinowm/original,action_strength,推手移动幅度,dinowm,original,available,icl_development,3073,,,,,3,3,pretrained_visual_encoder_frozen_predictor_trainable,,,d6656af4ba7a6f514e4384c518a43cc2931dd574bd5125d83f4c4cdbeec29886,edfa7f89b35c581414085be6477b00d91107724ce6672c882d953f3d229db889,correct_future_rate,development,original_environment_planning_6x50,300,6x50,,,39.84375,35.15625,14.6484375,8.203125,0.0,-0.04617712956940222,-0.32528934830407524,1.1125060747811057,5.46875,76.66666666666667,74.0,74.0,90.0,86.0,74.0,62.0,no
action_strength/dinowm/scratch,action_strength,推手移动幅度,dinowm,scratch,available,icl_development,3072,10,pusht-action-strength,9328c931a6891aaa37b32094e779eccc58de5bf893869dd0537635f687d047e3,ContextWorld-action-strength-32k-v1,3,3,pretrained_visual_encoder_frozen_predictor_trainable,,,2508fa27309d4c01ab86e03ec375572af084f5ea1e87eb43a6961197fc165c7d,98e43d60be747538ecd74cec9f3d7b707fefd9de4973fb1041f6739c36243db2,correct_future_rate,development,original_environment_planning_6x50,300,6x50,,32768,96.09375,93.75,98.6328125,99.609375,91.40625,0.6195923830744102,0.7564762310484485,0.43165927544440985,98.4375,76.66666666666667,76.0,68.0,84.0,86.0,84.0,62.0,no
action_strength/dinowm/frozen,action_strength,推手移动幅度,dinowm,frozen,not_measured,none,,,,,,,,,,,,,,,,,,,,,,,,,,,,,,,,,,,,no
action_strength/dinowm/projected,action_strength,推手移动幅度,dinowm,projected,available,icl_development,3072,10,pusht-action-strength,9328c931a6891aaa37b32094e779eccc58de5bf893869dd0537635f687d047e3,ContextWorld-action-strength-32k-v1,3,3,pretrained_visual_encoder_frozen_predictor_trainable,warmstart,32e05c0d0b9f65b2b3029a31ad6405e5e20bf30a9a1a078754b0a81a4d7ff00e,37e0e03cb325d8dd674feadc269fde77f609d2011f573d9eb0cf2ea52d6fe462,0bb5d86b6f6df75b414b1d76afa5459fec769a526635e526beeb0ff212947edc,correct_future_rate,development,original_environment_planning_6x50,300,6x50,,32768,97.4609375,95.703125,98.2421875,99.609375,92.96875,0.6271478113870596,0.7572605884830185,0.4315859148398099,96.484375,78.0,78.0,82.0,86.0,86.0,76.0,60.0,no
contact_friction/lewm/original,contact_friction,接触摩擦,lewm,original,available,icl_development,3073,,,,,3,3,,,,9f13b2c28bb909338047e08d62bf6eb16ea3616cb53e57cfa9b5072b43db1c59,e8172dba3d973b4e2560838cb29d1d6f8326025a4330b9c49f3d560725e7ccd6,correct_future_rate,development,"original-environment CEM (not history-conditioned, not per-task)",300,6x50,,,49.609375,33.984375,51.7578125,49.609375,0.0,-0.0002459144347011561,-0.004172673451020532,1.0039651044760842,44.921875,78.33333333333333,72.0,84.0,70.0,86.0,82.0,76.0,no
contact_friction/lewm/scratch,contact_friction,接触摩擦,lewm,scratch,available,icl_development,3072,10,pusht-contact-friction,0fd65ad420367d1e3bd00ac0a9bee75f512ad7ee286e31fab34e43c1ee61f9bf,ContextWorld-contact-friction-32k-v1,3,3,,,,35d3be0df20fce7a073710549de0487f5816db55e1c2608848dcd4fe8ec597b0,b8838a9b18110c373f76e231a6576efd7d5b3dd8bc1d8576a4fc08911af9e867,correct_future_rate,development,original_environment_planning_6x50,300,6x50,,32768,50.0,44.53125,50.0,54.296875,0.0,0.0006556923140232522,0.028227124615572537,0.9992282091145698,51.953125,76.66666666666667,78.0,78.0,70.0,80.0,76.0,78.0,no
contact_friction/lewm/joint,contact_friction,接触摩擦,lewm,joint,available,icl_development,3072,10,pusht-contact-friction,0fd65ad420367d1e3bd00ac0a9bee75f512ad7ee286e31fab34e43c1ee61f9bf,ContextWorld-contact-friction-32k-v1,3,3,,warmstart,9f13b2c28bb909338047e08d62bf6eb16ea3616cb53e57cfa9b5072b43db1c59,e8d0aa8208e1cd28dad7d446771ad6832e94218ed1bbed2abd06122309ec8bb2,3fb9e3e557da355921e501a97f6d0447f5b090db51a8e815fc72eadf736d8248,correct_future_rate,development,original_environment_planning_6x50,300,6x50,,32768,50.1953125,41.796875,57.2265625,59.765625,0.0,0.0008236852376106908,0.053629587923672624,0.9985885217596725,58.59375,86.0,86.0,90.0,84.0,86.0,88.0,82.0,no
contact_friction/lewm/frozen,contact_friction,接触摩擦,lewm,frozen,available,icl_development,3072,10,pusht-contact-friction,0fd65ad420367d1e3bd00ac0a9bee75f512ad7ee286e31fab34e43c1ee61f9bf,ContextWorld-contact-friction-32k-v1,3,3,full_model_warmstart_encoder_only_frozen,warmstart,9f13b2c28bb909338047e08d62bf6eb16ea3616cb53e57cfa9b5072b43db1c59,aa413e9634c6b2ea9b3d20c1cb4900f9bfa5cc3ba158a735093058d73bc9535a,038913becaf5049acf5c7bd4d25ec46de1500fdcd47e98fd530532b0520ddc8f,correct_future_rate,development,original_environment_planning_6x50,300,6x50,,32768,87.5,83.984375,92.7734375,99.609375,68.75,0.5254410713792194,0.7436822288888912,0.448316304644514,95.3125,83.33333333333333,84.0,90.0,82.0,78.0,88.0,78.0,no
contact_friction/pldm/original,contact_friction,接触摩擦,pldm,original,available,icl_development,3073,,,,,3,3,,,,8227ebb275f1a7ce0348b863b87b5c1fc534068eced1e352c060738d3c96dc04,aea5b4d56c8538ff76410705cc51a82b5937d643ab806d1a863bf29c7133088e,correct_future_rate,development,"original-environment CEM (not history-conditioned, not per-task)",300,6x50,,,49.8046875,26.953125,48.828125,51.953125,0.0,-0.00020996949422992303,-0.0021331830896426517,1.0101084299788539,46.484375,73.0,80.0,78.0,60.0,74.0,72.0,74.0,no
contact_friction/pldm/scratch,contact_friction,接触摩擦,pldm,scratch,available,icl_development,3072,10,pusht-contact-friction,0fd65ad420367d1e3bd00ac0a9bee75f512ad7ee286e31fab34e43c1ee61f9bf,ContextWorld-contact-friction-32k-v1,3,3,,,,a38fddcce2121d218719c224b4849f41866488b9c296ab627db4d4a6b49c573f,bf6095eab1df6ee5ac15323b77048168b02882d27564078b9694fe6b66e082e2,correct_future_rate,development,original_environment_planning_6x50,300,6x50,,32768,50.1953125,46.875,50.0,50.390625,0.390625,0.0006169618095778823,0.013401747286929408,1.0008853826107424,48.046875,65.66666666666667,74.0,70.0,54.0,68.0,62.0,66.0,no
contact_friction/pldm/joint,contact_friction,接触摩擦,pldm,joint,available,icl_development,3072,10,pusht-contact-friction,0fd65ad420367d1e3bd00ac0a9bee75f512ad7ee286e31fab34e43c1ee61f9bf,ContextWorld-contact-friction-32k-v1,3,3,,warmstart,8227ebb275f1a7ce0348b863b87b5c1fc534068eced1e352c060738d3c96dc04,49d95172e823ee185f6da1adaa5b294ca9bb1b7a711669761234d4cff5e2d2c1,795faa7a84134d078dc70b7684db358c6db9fa30faedb0ff8e69c641ff0ea482,correct_future_rate,development,original_environment_planning_6x50,300,6x50,,32768,50.0,47.65625,51.3671875,50.390625,0.0,-0.001098959113359499,-0.02552378004325227,1.0040517617884581,47.265625,73.33333333333333,76.0,70.0,74.0,76.0,78.0,66.0,no
contact_friction/pldm/frozen,contact_friction,接触摩擦,pldm,frozen,available,icl_development,3072,10,pusht-contact-friction,0fd65ad420367d1e3bd00ac0a9bee75f512ad7ee286e31fab34e43c1ee61f9bf,ContextWorld-contact-friction-32k-v1,3,3,full_model_warmstart_encoder_only_frozen,warmstart,8227ebb275f1a7ce0348b863b87b5c1fc534068eced1e352c060738d3c96dc04,9a9ee650ba7fd16ecaf9b4b04f94cc84e97d01fbaa94ac9c1d5008bd4585bfb4,8d2ecf02ee633fa5553a9221c3778244037430f6c010db742b9ed3c702119662,correct_future_rate,development,original_environment_planning_6x50,300,6x50,,32768,73.828125,73.4375,85.9375,98.046875,43.359375,0.33901278351376535,0.6386890989345851,0.6037174379630619,92.1875,79.66666666666667,84.0,78.0,76.0,86.0,80.0,74.0,no
contact_friction/dinowm/original,contact_friction,接触摩擦,dinowm,original,available,icl_development,3073,,,,,3,3,pretrained_visual_encoder_frozen_predictor_trainable,,,d6656af4ba7a6f514e4384c518a43cc2931dd574bd5125d83f4c4cdbeec29886,4ef14c97e7b63736f0a9ec94d7318c3e5c6afbac869736364bc6922df8376ee3,correct_future_rate,development,original_environment_planning_6x50,300,6x50,,,49.4140625,37.5,48.6328125,37.109375,0.0,-0.003648935832053961,-0.033672995280152954,1.019040598370018,26.171875,76.66666666666667,74.0,74.0,90.0,86.0,74.0,62.0,no
contact_friction/dinowm/scratch,contact_friction,接触摩擦,dinowm,scratch,available,icl_development,3072,10,pusht-contact-friction,0fd65ad420367d1e3bd00ac0a9bee75f512ad7ee286e31fab34e43c1ee61f9bf,ContextWorld-contact-friction-32k-v1,3,3,pretrained_visual_encoder_frozen_predictor_trainable,,,f195be116b759e18edae824684fa4cb7098077ed9f83e3008eefef19a3806dec,65522bb19e0379fb048fbf7636f71fbe00aa0e713453a016490a578de55c8463,correct_future_rate,development,original_environment_planning_6x50,300,6x50,,32768,81.8359375,81.640625,93.1640625,99.21875,55.859375,0.40701899462924074,0.5769619728239884,0.6836245765601625,85.15625,75.66666666666667,76.0,76.0,72.0,90.0,76.0,64.0,no
contact_friction/dinowm/frozen,contact_friction,接触摩擦,dinowm,frozen,not_measured,none,,,,,,,,,,,,,,,,,,,,,,,,,,,,,,,,,,,,no
contact_friction/dinowm/projected,contact_friction,接触摩擦,dinowm,projected,available,icl_development,3072,10,pusht-contact-friction,0fd65ad420367d1e3bd00ac0a9bee75f512ad7ee286e31fab34e43c1ee61f9bf,ContextWorld-contact-friction-32k-v1,3,3,pretrained_visual_encoder_frozen_predictor_trainable,warmstart,32e05c0d0b9f65b2b3029a31ad6405e5e20bf30a9a1a078754b0a81a4d7ff00e,68e2d590da979ce0c4d2aa2b2f7a4c24c3c3a962f39bf40f6eb15e238415f2fb,89e0278b95b6306e3e8fa62ede41074396f26957209307e72881ef58c8e70e14,correct_future_rate,development,original_environment_planning_6x50,300,6x50,,32768,83.203125,82.421875,89.453125,99.21875,57.03125,0.4056950639822483,0.5852253674855546,0.6691760050577712,81.640625,79.66666666666667,74.0,82.0,82.0,84.0,82.0,74.0,no
motion_damping/lewm/original,motion_damping,运动阻尼,lewm,original,available,icl_development,3073,,,,,3,3,,,,9f13b2c28bb909338047e08d62bf6eb16ea3616cb53e57cfa9b5072b43db1c59,c5259baf625fcaea4636d11bb597df8c759fe0451ce5e9442784e9ff710295b7,correct_future_rate,development,"original-environment CEM (not history-conditioned, not per-task)",300,6x50,,,50.0,3.125,49.8046875,62.109375,0.0,0.005664908476435935,0.04531542421960513,1.0042978337415056,51.953125,78.33333333333333,72.0,84.0,70.0,86.0,82.0,76.0,no
motion_damping/lewm/scratch,motion_damping,运动阻尼,lewm,scratch,available,icl_development,3072,10,pusht-motion-damping,b73d0fb88089a8d792a31e440e67841c1d7b623c7277b4b5e6dca0b165c3403d,ContextWorld-motion-damping-32k-v1,3,3,,,,d23cc3c543e708bb497d670040c7d24e402b29e019c1e6b1414e6ede4cb36c31,b01352e86d84f3bdb5bfbcf9491e28025230e477abf678881905d5e480bb7f54,correct_future_rate,development,original_environment_planning_6x50,300,6x50,,32768,49.8046875,21.484375,49.609375,49.609375,0.0,-0.0001194582271611304,-0.0026872599258912886,1.0022150340220666,38.671875,78.0,78.0,78.0,70.0,88.0,76.0,78.0,no
motion_damping/lewm/joint,motion_damping,运动阻尼,lewm,joint,available,icl_development,3072,10,pusht-motion-damping,b73d0fb88089a8d792a31e440e67841c1d7b623c7277b4b5e6dca0b165c3403d,ContextWorld-motion-damping-32k-v1,3,3,,warmstart,9f13b2c28bb909338047e08d62bf6eb16ea3616cb53e57cfa9b5072b43db1c59,1eb93478caf10675237e2d67940969f2a887704b5b9153298708688bb5c635d9,bc34ec5470cc26c7c383729e36dc39a2d3d9c33c113a3c7eb4718488c4016cfb,correct_future_rate,development,original_environment_planning_6x50,300,6x50,,32768,49.8046875,26.5625,50.1953125,49.21875,0.0,0.00029808179072175924,0.007988775780960349,1.0007960646271898,39.84375,88.33333333333333,90.0,94.0,80.0,84.0,88.0,94.0,no
motion_damping/lewm/frozen,motion_damping,运动阻尼,lewm,frozen,available,icl_development,3072,10,pusht-motion-damping,b73d0fb88089a8d792a31e440e67841c1d7b623c7277b4b5e6dca0b165c3403d,ContextWorld-motion-damping-32k-v1,3,3,full_model_warmstart_encoder_only_frozen,warmstart,9f13b2c28bb909338047e08d62bf6eb16ea3616cb53e57cfa9b5072b43db1c59,ddf46bc04647c66156668e2cecf01bbd14b113ff1b1655509294f92269671ec9,38b29988f0fb3c2dc560993aef528ed0cb7aa71d3ed58602c1fd456cc2400734,correct_future_rate,development,original_environment_planning_6x50,300,6x50,,32768,51.953125,33.59375,58.7890625,74.609375,2.734375,0.05473369190354705,0.16806205048885361,0.9965971458636914,58.203125,84.33333333333333,84.0,80.0,88.0,80.0,90.0,84.0,no
motion_damping/pldm/original,motion_damping,运动阻尼,pldm,original,available,icl_development,3073,,,,,3,3,,,,8227ebb275f1a7ce0348b863b87b5c1fc534068eced1e352c060738d3c96dc04,129992be40ce599e23b2d2fcf7c79ebe30094b56ea174431dddc3860b392fcaa,correct_future_rate,development,"original-environment CEM (not history-conditioned, not per-task)",300,6x50,,,50.390625,12.5,52.34375,85.15625,0.390625,0.029961144483652107,0.22648611249048978,0.9575775335065643,79.296875,73.0,80.0,78.0,60.0,74.0,72.0,74.0,no
motion_damping/pldm/scratch,motion_damping,运动阻尼,pldm,scratch,available,icl_development,3072,10,pusht-motion-damping,b73d0fb88089a8d792a31e440e67841c1d7b623c7277b4b5e6dca0b165c3403d,ContextWorld-motion-damping-32k-v1,3,3,,,,b8f1d59e881aac0b34e36fd94ef7c1ca54eb36510011cc4efb96bbacb780f178,6cd7254e79785788d5b3b2449e9937748760de76601764e83e92f680e8855d9a,correct_future_rate,development,original_environment_planning_6x50,300,6x50,,32768,58.3984375,49.21875,58.59375,66.40625,12.5,0.374135402955449,0.3320997856829117,1.5209010142903123,42.578125,61.0,64.0,57.99999999999999,56.00000000000001,72.0,64.0,52.0,no
motion_damping/pldm/joint,motion_damping,运动阻尼,pldm,joint,available,icl_development,3072,10,pusht-motion-damping,b73d0fb88089a8d792a31e440e67841c1d7b623c7277b4b5e6dca0b165c3403d,ContextWorld-motion-damping-32k-v1,3,3,,warmstart,8227ebb275f1a7ce0348b863b87b5c1fc534068eced1e352c060738d3c96dc04,2f71a802a3d7bacf305c7e8257c2f76b526ab04ab2676d7ffe0ee6dbe94bcb66,3b7fcbf8a8a765dc5cc971ecfd3807e9a30075d230dd65c5df877e8591725642,correct_future_rate,development,original_environment_planning_6x50,300,6x50,,32768,77.5390625,76.171875,79.1015625,99.609375,48.828125,0.8295303458372124,0.8844655380027575,0.2205747598780233,91.40625,70.0,76.0,60.0,64.0,74.0,78.0,68.0,no
motion_damping/pldm/frozen,motion_damping,运动阻尼,pldm,frozen,available,icl_development,3072,10,pusht-motion-damping,b73d0fb88089a8d792a31e440e67841c1d7b623c7277b4b5e6dca0b165c3403d,ContextWorld-motion-damping-32k-v1,3,3,full_model_warmstart_encoder_only_frozen,warmstart,8227ebb275f1a7ce0348b863b87b5c1fc534068eced1e352c060738d3c96dc04,58229053b8b49e1e652ffcb172e33e53373411727c378c0a4cc745ad73cb99a6,e51e81e387aefb8ca55ed54d1d53e391eea504a65180c8df12a4262254e693ff,correct_future_rate,development,original_environment_planning_6x50,300,6x50,,32768,56.0546875,46.875,62.109375,87.109375,6.640625,0.13485544209565642,0.34599120153693913,0.8822062797988233,76.5625,78.33333333333333,80.0,76.0,70.0,80.0,82.0,82.0,no
motion_damping/dinowm/original,motion_damping,运动阻尼,dinowm,original,available,icl_development,3073,,,,,3,3,pretrained_visual_encoder_frozen_predictor_trainable,,,d6656af4ba7a6f514e4384c518a43cc2931dd574bd5125d83f4c4cdbeec29886,97ec32335dad066c2426b3e8dfaf0161c5fbc03b6ebde9d8ece4f83518ecde6c,correct_future_rate,development,original_environment_planning_6x50,300,6x50,,,50.0,22.65625,52.34375,52.734375,0.0,0.0036464922019492202,0.03971415704394785,1.0011376427050676,43.359375,76.66666666666667,74.0,74.0,90.0,86.0,74.0,62.0,no
motion_damping/dinowm/scratch,motion_damping,运动阻尼,dinowm,scratch,available,icl_development,3072,10,pusht-motion-damping,b73d0fb88089a8d792a31e440e67841c1d7b623c7277b4b5e6dca0b165c3403d,ContextWorld-motion-damping-32k-v1,3,3,pretrained_visual_encoder_frozen_predictor_trainable,,,3a4bcfe495619f503323c248363b1538e52590bb3bc685e03469bfd4d30a45ad,08ad9a09ab5377b04540ee26c637c80f48bd6cfd4fe707f3d6692e0819428ad8,correct_future_rate,development,original_environment_planning_6x50,300,6x50,,32768,57.421875,44.921875,66.2109375,80.46875,9.765625,0.06160896890857555,0.16238438800749674,1.0207279740379738,53.125,76.66666666666667,74.0,84.0,74.0,88.0,80.0,60.0,no
motion_damping/dinowm/frozen,motion_damping,运动阻尼,dinowm,frozen,available,icl_development,3073,10,pusht-motion-damping,b73d0fb88089a8d792a31e440e67841c1d7b623c7277b4b5e6dca0b165c3403d,ContextWorld-motion-damping-32k-v1,3,3,pretrained_visual_encoder_frozen_predictor_trainable,warmstart,d6656af4ba7a6f514e4384c518a43cc2931dd574bd5125d83f4c4cdbeec29886,05603ddd7243332be89f50408152bbf837ea98848ed0268209cc8cfe82043346,f33a9d7965b56d23528f3bc196cc685e4739fb10791038dc63d3fca48a892d45,correct_future_rate,development,original_environment,300,6x50,,32768,57.6171875,49.21875,65.625,77.734375,10.15625,0.036567020705407946,0.09257336917143788,1.0828955658588284,51.171875,76.0,76.0,76.0,78.0,88.0,78.0,60.0,no
motion_damping/dinowm/projected,motion_damping,运动阻尼,dinowm,projected,available,icl_development,3072,10,pusht-motion-damping,b73d0fb88089a8d792a31e440e67841c1d7b623c7277b4b5e6dca0b165c3403d,ContextWorld-motion-damping-32k-v1,3,3,pretrained_visual_encoder_frozen_predictor_trainable,warmstart,32e05c0d0b9f65b2b3029a31ad6405e5e20bf30a9a1a078754b0a81a4d7ff00e,c84f92d18d9957de70519f7aba29f07462d18266b056a9d36d073439cba8afa4,938bbfb0bc8a90cc7d715586206ed88dc26e9fb49f6df504a7d8bc8d0d7b9063,correct_future_rate,development,original_environment_planning_6x50,300,6x50,,32768,55.859375,43.75,63.4765625,76.171875,8.59375,0.0702405683866749,0.19229612111190203,0.9929431796585716,49.609375,75.66666666666667,72.0,76.0,78.0,84.0,82.0,62.0,no
robot_arm_mass/lewm/original,robot_arm_mass,机械臂质量,lewm,original,available,icl_development,3073,,,,,3,3,,,,105b5f5890637cfee0bc5ef7a2db00808f718be375f425a6619e43843b290135,c8d60c3bc98b50d5b2e83abd0098671a4c980f7c45400e54b38784bf6fa707ec,correct_future_rate,development,"original-environment CEM (not history-conditioned, not per-task)",300,3x100,,,49.8046875,47.265625,50.78125,77.734375,0.0,0.010508029130818086,0.2925140032431133,0.9802744156024218,76.171875,56.666666666666664,53.0,54.0,63.0,,,,no
robot_arm_mass/lewm/scratch,robot_arm_mass,机械臂质量,lewm,scratch,available,icl_development,3072,10,reacher-arm-mass,3499b2f37c50b79ae8406edaebe4ba48f97744506b381f771b2d6c902804a58e,ContextWorld-robot-arm-mass-32k-v1,3,3,,,,951295a4d630340034362a32af462e9c2470ee91162a1ab3a476cb13b6174da7,20b46c99eb29cb5893f12483d19de8087ac503f9ecddf11051b020f700aac7cf,correct_future_rate,development,original_environment_planning_6x50,300,6x50,,32768,87.109375,85.9375,91.6015625,99.21875,73.4375,0.9177262094700519,0.9762073797058036,0.04832336432571279,98.828125,58.0,50.0,64.0,50.0,72.0,68.0,44.0,no
robot_arm_mass/lewm/joint,robot_arm_mass,机械臂质量,lewm,joint,available,icl_development,3072,10,reacher-arm-mass,3499b2f37c50b79ae8406edaebe4ba48f97744506b381f771b2d6c902804a58e,ContextWorld-robot-arm-mass-32k-v1,3,3,,warmstart,105b5f5890637cfee0bc5ef7a2db00808f718be375f425a6619e43843b290135,d6c8058c6daa627e07413712bb383b70e148c70e4ee1af538308df08ebd29415,d996145c57889e3924bf907654a8fb61f1f2b0bde3c14dbb3dc117da6240e0b3,correct_future_rate,development,original_environment_planning_6x50,300,6x50,,32768,88.8671875,87.5,91.796875,98.4375,76.5625,0.9369751461825868,0.980385952892292,0.039451758221951044,98.4375,59.0,50.0,56.00000000000001,50.0,66.0,60.0,72.0,no
robot_arm_mass/lewm/frozen,robot_arm_mass,机械臂质量,lewm,frozen,available,icl_development,3072,10,reacher-arm-mass,3499b2f37c50b79ae8406edaebe4ba48f97744506b381f771b2d6c902804a58e,ContextWorld-robot-arm-mass-32k-v1,3,3,full_model_warmstart_encoder_only_frozen,warmstart,105b5f5890637cfee0bc5ef7a2db00808f718be375f425a6619e43843b290135,3886b3ff7b0f081505f31786fe29979c1ff9d212220f93d7f0fd3f61beef61bf,0e9eea5cb028021fb61dbcc17fdbb7e2693f2e01ada71db8722611e450865fab,correct_future_rate,development,original_environment_planning_6x50,300,6x50,,32768,80.859375,80.078125,88.28125,95.703125,58.984375,0.5986622486558948,0.8183609823688291,0.3378235132112611,92.96875,59.66666666666667,56.00000000000001,56.00000000000001,56.00000000000001,52.0,68.0,70.0,no
robot_arm_mass/pldm/original,robot_arm_mass,机械臂质量,pldm,original,available,icl_development,3073,,,,,3,3,,,,f35bdaeb181a2622294b9d7b3c6dc8af880dda527f3e83323d8ebcb476b48e6c,5148b88cc784988fe1e66956d512232e624825c3d4bfbe29889a5e228bf9aa41,correct_future_rate,development,"original-environment CEM (not history-conditioned, not per-task)",300,3x100,,,51.953125,45.703125,69.7265625,92.1875,3.515625,0.04799123077139442,0.501021572155298,0.913192640963153,91.015625,80.0,84.0,77.0,79.0,,,,no
robot_arm_mass/pldm/scratch,robot_arm_mass,机械臂质量,pldm,scratch,available,icl_development,3072,10,reacher-arm-mass,3499b2f37c50b79ae8406edaebe4ba48f97744506b381f771b2d6c902804a58e,ContextWorld-robot-arm-mass-32k-v1,3,3,,,,3d691fb4f31c990650eaff35774b5dec430e10dea1489bdec4ed49b8c425b7b1,c86efa38cbb675a0863559be93dd36a556275093ea12dc5bbd3adc1e8cfbc9d4,correct_future_rate,development,original_environment_planning_6x50,300,6x50,,32768,91.2109375,90.234375,92.1875,96.484375,82.03125,0.9549095781743574,0.9835620885154847,0.03276674190407705,94.140625,51.666666666666664,42.0,52.0,57.99999999999999,57.99999999999999,50.0,50.0,no
robot_arm_mass/pldm/joint,robot_arm_mass,机械臂质量,pldm,joint,available,icl_development,3072,10,reacher-arm-mass,3499b2f37c50b79ae8406edaebe4ba48f97744506b381f771b2d6c902804a58e,ContextWorld-robot-arm-mass-32k-v1,3,3,,warmstart,f35bdaeb181a2622294b9d7b3c6dc8af880dda527f3e83323d8ebcb476b48e6c,2f06d52024503f788f8e3a8ef2ad4f885076fc5ecb54acb1c1c6cbe69447c403,50747465a89d1bbfd296767aa7157c667d685c1da6355b8e19d73fb34e4f9c2d,correct_future_rate,development,original_environment_planning_6x50,300,6x50,,32768,85.9375,85.546875,91.015625,99.21875,71.484375,0.859629604255019,0.9630998317067961,0.07741381762589711,98.4375,58.66666666666667,56.00000000000001,54.0,50.0,66.0,74.0,52.0,no
robot_arm_mass/pldm/frozen,robot_arm_mass,机械臂质量,pldm,frozen,available,icl_development,3072,10,reacher-arm-mass,3499b2f37c50b79ae8406edaebe4ba48f97744506b381f771b2d6c902804a58e,ContextWorld-robot-arm-mass-32k-v1,3,3,full_model_warmstart_encoder_only_frozen,warmstart,f35bdaeb181a2622294b9d7b3c6dc8af880dda527f3e83323d8ebcb476b48e6c,3998f78dbc1b4293afa6cac0fd8e8c4cf020d1e143923103fe70a5a0be2cc1a7,21d01025416fa9118f8642daf9acb1dfbd51bcb41c97463abc52bfb68a21043a,correct_future_rate,development,original_environment_planning_6x50,300,6x50,,32768,87.109375,85.15625,92.3828125,99.21875,72.65625,0.7093629762892927,0.8940021685188838,0.21086704748484686,98.828125,89.0,90.0,94.0,86.0,86.0,94.0,84.0,no
robot_arm_mass/dinowm/original,robot_arm_mass,机械臂质量,dinowm,original,available,icl_development,3073,,,,,3,3,pretrained_visual_encoder_frozen_predictor_trainable,,,b63826313dc2a4b4d10d4b6f902726b34eb35f6321c76e5eddb16cf644286d27,1207eab9b5123784a74fb84a692feeec3ec14ae9925d4866c44a870efcdae4f1,correct_future_rate,development,original_environment_planning_6x50,300,6x50,,,50.9765625,50.0,59.375,71.484375,2.34375,0.012393285412836451,0.18776412840516446,0.9795700288187008,67.1875,90.66666666666667,90.0,90.0,90.0,92.0,92.0,90.0,no
robot_arm_mass/dinowm/scratch,robot_arm_mass,机械臂质量,dinowm,scratch,available,icl_development,3072,10,reacher-arm-mass,3499b2f37c50b79ae8406edaebe4ba48f97744506b381f771b2d6c902804a58e,ContextWorld-robot-arm-mass-32k-v1,3,3,pretrained_visual_encoder_frozen_predictor_trainable,,,019ff7e803c1f6c6c8dd54fae94d0357bbb66f8c5ca3adf426add6ad683f4a30,6c27d238005b066cdbb550d7214b92203af02c3834f9d8919b9bc8145cc318ef,correct_future_rate,development,original_environment_planning_6x50,300,6x50,,32768,80.46875,75.78125,89.2578125,94.140625,58.984375,0.3031670300490886,0.5901229254620284,0.6575899887316345,92.1875,75.0,74.0,74.0,76.0,78.0,70.0,78.0,no
robot_arm_mass/dinowm/frozen,robot_arm_mass,机械臂质量,dinowm,frozen,not_measured,none,,,,,,,,,,,,,,,,,,,,,,,,,,,,,,,,,,,,no
robot_arm_mass/dinowm/projected,robot_arm_mass,机械臂质量,dinowm,projected,available,icl_development,3072,10,reacher-arm-mass,3499b2f37c50b79ae8406edaebe4ba48f97744506b381f771b2d6c902804a58e,ContextWorld-robot-arm-mass-32k-v1,3,3,pretrained_visual_encoder_frozen_predictor_trainable,warmstart,b2d8adf179012393c3e3bab8ecfde9846412054456dbb8d4f447eba297a9643c,36ee7e01d6c7b5843575c29108623e825449d415699e46fcea5cb389c7731b12,d18ecb695b38d16bf703df183c294397e8dd3636165d5546f36cb750771ff891,correct_future_rate,development,original_environment_planning_6x50,300,6x50,,32768,79.8828125,74.609375,90.625,94.921875,57.8125,0.29449899425240716,0.594594257888196,0.656318201056886,92.1875,75.33333333333333,78.0,74.0,80.0,68.0,82.0,70.0,no
cube_gripper_carry/lewm/original,cube_gripper_carry,Cube 夹爪携带,lewm,original,available,icl_development,3073,,,,,3,3,,,,d10f75cc62e8de0aab21ee486719127cb593bb5ed6a86902f2a6ad213d8ba0d8,187b7ab3ead3d275b36a12d9bbc9e39509698cbcb43f1fc2d78809b352a37bcd,correct_future_rate,development,"original-environment CEM (not history-conditioned, not per-task)",300,aggregate300,,,52.734375,46.09375,74.609375,99.21875,5.46875,0.04225355838500955,0.7748695178512163,0.9184663933736789,99.21875,66.0,,,,,,,no
cube_gripper_carry/lewm/scratch,cube_gripper_carry,Cube 夹爪携带,lewm,scratch,available,icl_development,3072,10,cube-gripper-carry,6e8d707857db9e50d0e21d0a0c4d12647a63a5f1ee25e3527af5b46759463baf,ContextWorld-cube-gripper-carry-10k-independent-v2,3,3,,,,d09b23a91747229e57e2b9cf7d474ff50c8876885748d5f22f24d3b522a90a5c,a0f0494879abe9b79ebf99f03f7156729002915e469503b1b398a6046e809af9,correct_future_rate,development,original_environment_planning_6x50,300,6x50,,10000,50.0,47.265625,49.609375,47.65625,0.0,-0.00018835313826284162,-0.013313559569870584,1.0005768570854305,41.015625,61.333333333333336,56.00000000000001,76.0,54.0,60.0,66.0,56.00000000000001,no
cube_gripper_carry/lewm/joint,cube_gripper_carry,Cube 夹爪携带,lewm,joint,available,icl_development,3072,10,cube-gripper-carry,6e8d707857db9e50d0e21d0a0c4d12647a63a5f1ee25e3527af5b46759463baf,ContextWorld-cube-gripper-carry-10k-independent-v2,3,3,,warmstart,d10f75cc62e8de0aab21ee486719127cb593bb5ed6a86902f2a6ad213d8ba0d8,f800237f2b151b7b2f14972bcc2af8d78ead6e226b36f16ed1fe61d599e40496,28dc78b248068f0436d2276927ab9e9f3ac0911f8027b6a15baa2d2bc02bada4,correct_future_rate,development,original_environment_planning_6x50,300,6x50,,10000,50.0,35.546875,52.34375,57.03125,0.0,0.001153253561387581,0.10383465182338955,0.9978168502146609,54.296875,71.0,78.0,80.0,68.0,64.0,74.0,62.0,no
cube_gripper_carry/lewm/frozen,cube_gripper_carry,Cube 夹爪携带,lewm,frozen,available,icl_development,3072,10,cube-gripper-carry,6e8d707857db9e50d0e21d0a0c4d12647a63a5f1ee25e3527af5b46759463baf,ContextWorld-cube-gripper-carry-10k-independent-v2,3,3,full_model_warmstart_encoder_only_frozen,warmstart,d10f75cc62e8de0aab21ee486719127cb593bb5ed6a86902f2a6ad213d8ba0d8,610a005d05712f9bf3defe88e911cb63a75411ba2c439de1337f8980a50305c4,553b5e32da8ea9efd294d15056a079b79fc75e22d9254ba8e4296f2c946c94d6,correct_future_rate,development,original_environment_planning_6x50,300,6x50,,10000,70.703125,65.625,78.125,99.609375,37.5,0.5616814580440193,0.8431563238943998,0.32041324752359873,98.4375,67.0,66.0,72.0,60.0,60.0,72.0,72.0,no
cube_gripper_carry/pldm/original,cube_gripper_carry,Cube 夹爪携带,pldm,original,available,icl_development,3073,,,,,3,3,,,,9212dda85d4e6cb9ecb45f9916a4eac6ff6531cba6b39641210c4f23d757ebc6,70465b3e6fc1cab8790ba8ef6a71c9148271579fea0a15c6c652360c2a22deac,correct_future_rate,development,"original-environment CEM (not history-conditioned, not per-task)",300,3x100,,,50.390625,45.3125,56.8359375,85.546875,0.0,0.04390875978193635,0.6684193391622759,0.9164977142035459,82.03125,53.0,54.0,50.0,55.00000000000001,,,,no
cube_gripper_carry/pldm/scratch,cube_gripper_carry,Cube 夹爪携带,pldm,scratch,available,icl_development,3072,10,cube-gripper-carry,6e8d707857db9e50d0e21d0a0c4d12647a63a5f1ee25e3527af5b46759463baf,ContextWorld-cube-gripper-carry-10k-independent-v2,3,3,,,,acff28a8c08d1052416844dbea0446b06e4b2f58f5e67462c80da6bff03eb4b5,d91d61c2a790b99911ba9eca174f592a1d1d11cf2cc0ccd5f5f0721e4186d391,correct_future_rate,development,original_environment_planning_6x50,300,6x50,,10000,50.0,45.703125,52.5390625,60.546875,0.0,0.007708218325560665,0.2722245315439067,0.9853853401678618,58.59375,55.0,50.0,74.0,54.0,56.00000000000001,52.0,44.0,no
cube_gripper_carry/pldm/joint,cube_gripper_carry,Cube 夹爪携带,pldm,joint,available,icl_development,3072,10,cube-gripper-carry,6e8d707857db9e50d0e21d0a0c4d12647a63a5f1ee25e3527af5b46759463baf,ContextWorld-cube-gripper-carry-10k-independent-v2,3,3,,warmstart,9212dda85d4e6cb9ecb45f9916a4eac6ff6531cba6b39641210c4f23d757ebc6,99a187000b07b04d74844de4f9a1cf0e999df799dfc4e209bba8077d920708dd,4782ac4a8a68d70a4a124b66a03f8760bc89c802011582c368e165f27a2e01d8,correct_future_rate,development,original_environment_planning_6x50,300,6x50,,10000,50.0,36.71875,54.4921875,71.09375,0.0,0.007847645194966375,0.33978308102560945,0.9848381368864054,71.09375,56.66666666666667,56.00000000000001,70.0,54.0,52.0,54.0,54.0,no
cube_gripper_carry/pldm/frozen,cube_gripper_carry,Cube 夹爪携带,pldm,frozen,available,icl_development,3072,10,cube-gripper-carry,6e8d707857db9e50d0e21d0a0c4d12647a63a5f1ee25e3527af5b46759463baf,ContextWorld-cube-gripper-carry-10k-independent-v2,3,3,full_model_warmstart_encoder_only_frozen,warmstart,9212dda85d4e6cb9ecb45f9916a4eac6ff6531cba6b39641210c4f23d757ebc6,141343ab42c552ed4228254d59afa4aad8eb9c2afdd5948653b0768a444b7857,f5c0773bc51cbc8873c8368258ef0715fe35dfa5c25b3733db06114b30b4c8c8,correct_future_rate,development,original_environment_planning_6x50,300,6x50,,10000,52.1484375,48.4375,58.0078125,82.421875,3.515625,0.3347161795425089,0.6518163701928877,0.594263241825024,76.953125,56.66666666666667,56.00000000000001,74.0,50.0,52.0,56.00000000000001,52.0,no
cube_gripper_carry/dinowm/original,cube_gripper_carry,Cube 夹爪携带,dinowm,original,available,icl_development,3073,,,,,3,3,pretrained_visual_encoder_frozen_predictor_trainable,,,dcb65a10f6328290cf74b25b4044bd8c5b26569eb49af27fc221bfef25923780,49f309cc61b034c89bf33d16fbe62b700d493e7095aa1afb86882535a07a54e0,correct_future_rate,development,original_environment_planning_6x50,300,6x50,,,49.8046875,32.8125,49.8046875,50.78125,0.0,0.0008357026919346683,0.01718733614560833,1.0006928068508152,40.234375,72.66666666666667,78.0,82.0,62.0,70.0,70.0,74.0,no
cube_gripper_carry/dinowm/scratch,cube_gripper_carry,Cube 夹爪携带,dinowm,scratch,available,icl_development,3072,10,cube-gripper-carry,6e8d707857db9e50d0e21d0a0c4d12647a63a5f1ee25e3527af5b46759463baf,ContextWorld-cube-gripper-carry-10k-independent-v2,3,3,pretrained_visual_encoder_frozen_predictor_trainable,,,1506fa3b8074dafda3149b797fbc31276cb864ed01d18b9361e523a07f00e8a6,ab6fc50f9ce168248c77e7e95a971738910089b2bcbedf34f3d48db96b19b0b9,correct_future_rate,development,original_environment_planning_6x50,300,6x50,,10000,61.328125,50.390625,80.6640625,95.3125,19.140625,0.09466669146826812,0.33567152671619455,0.8902029182754686,92.1875,71.66666666666667,78.0,84.0,64.0,64.0,74.0,66.0,no
cube_gripper_carry/dinowm/frozen,cube_gripper_carry,Cube 夹爪携带,dinowm,frozen,available,icl_development,3073,10,cube-gripper-carry,6e8d707857db9e50d0e21d0a0c4d12647a63a5f1ee25e3527af5b46759463baf,ContextWorld-cube-gripper-carry-10k-independent-v2,3,3,pretrained_visual_encoder_frozen_predictor_trainable,warmstart,dcb65a10f6328290cf74b25b4044bd8c5b26569eb49af27fc221bfef25923780,009ae0366585b9d449a9999218f5a0d1dd738c35349e8ad94b66c822227a2442,ee80ee11ab26876acc56a374483783e129287b2d68c18ad0b817c786ee2d2f4f,correct_future_rate,development,original_environment,300,6x50,,10000,62.3046875,55.078125,82.03125,94.53125,19.53125,0.10904507440360717,0.3592440475166509,0.8740466129893176,89.84375,73.66666666666667,76.0,82.0,66.0,66.0,74.0,78.0,no
cube_gripper_carry/dinowm/projected,cube_gripper_carry,Cube 夹爪携带,dinowm,projected,available,icl_development,3072,10,cube-gripper-carry,6e8d707857db9e50d0e21d0a0c4d12647a63a5f1ee25e3527af5b46759463baf,ContextWorld-cube-gripper-carry-10k-independent-v2,3,3,pretrained_visual_encoder_frozen_predictor_trainable,warmstart,91d49754969bfdea5126ca0a0f776773de5ae36b35a299af72a211105bee7212,03ad89ad1014e57a12330fff410e0bca3e3f38880d34b220b5e2e697108d406c,0afcbe9b4c07fd240a5252cfffdf99bb9c49c1b4021e2ca9e54d9516b635330f,correct_future_rate,development,original_environment_planning_6x50,300,6x50,,10000,63.8671875,53.90625,83.59375,97.265625,24.21875,0.11423011229283392,0.38177356172891197,0.8610658428863772,90.234375,74.0,70.0,82.0,76.0,64.0,76.0,76.0,no
portal_exit/lewm/original,portal_exit,传送门出口,lewm,original,available,icl_development,3073,,,,,3,3,,,,53103e123ce03c2fcd8889cbf39a92d1bbd998f2b067342203e38962b2c5c519,c9c84b3ccf5e424fddd6921eedb46f4f2747cfa2aee51cb55d600438373188ed,correct_future_rate,development,"original-environment CEM (not history-conditioned, not per-task)",300,6x50,,,50.0,39.453125,51.5625,96.09375,0.0,0.005756918772837227,0.44901255332335155,0.9886505478523822,95.703125,93.0,92.0,94.0,94.0,92.0,96.0,90.0,no
portal_exit/lewm/scratch,portal_exit,传送门出口,lewm,scratch,available,icl_development,3072,10,tworoom-portal-exit,1cd7e84d63a9bd971737e951b7e56e2119281f3bfc5ae43ea7a741a05f63723e,ContextWorld-portal-exit-32k-coverage-v2,3,3,,,,e4d8af10bc6a30f389ae8cb86ea9830592dff0a04ded10cdd3b8c156b8a94479,baa796bfe91e4aea2887886f2f10b0b5d71b1c02ab65733f66c611a428f31ce8,correct_future_rate,development,original_environment_planning_6x50,300,6x50,,32768,51.953125,48.046875,77.5390625,100.0,3.515625,0.0422755270905805,0.8695533904478108,0.917812608817007,100.0,98.33333333333333,94.0,100.0,98.0,98.0,100.0,100.0,no
portal_exit/lewm/joint,portal_exit,传送门出口,lewm,joint,available,icl_development,3072,10,tworoom-portal-exit,1cd7e84d63a9bd971737e951b7e56e2119281f3bfc5ae43ea7a741a05f63723e,ContextWorld-portal-exit-32k-coverage-v2,3,3,,warmstart,53103e123ce03c2fcd8889cbf39a92d1bbd998f2b067342203e38962b2c5c519,35a248b607aada5dce3ce7342b501b9b42d63ee772cecdf89ba17c333a898595,e3ed0397587456bcba0a225180667908c20d744220d55d2b3ee77578600a9910,correct_future_rate,development,original_environment_planning_6x50,300,6x50,,32768,50.1953125,34.765625,66.2109375,100.0,0.390625,0.042051671811479306,0.8076736153955966,0.9186074392996606,99.21875,95.66666666666667,92.0,96.0,96.0,96.0,96.0,98.0,no
portal_exit/lewm/frozen,portal_exit,传送门出口,lewm,frozen,available,icl_development,3072,10,tworoom-portal-exit,1cd7e84d63a9bd971737e951b7e56e2119281f3bfc5ae43ea7a741a05f63723e,ContextWorld-portal-exit-32k-coverage-v2,3,3,full_model_warmstart_encoder_only_frozen,warmstart,53103e123ce03c2fcd8889cbf39a92d1bbd998f2b067342203e38962b2c5c519,072b37b9f8c330da9d45855de5873d7a4f9e91f0c92495b2393771220327f3ac,07570c25b4da60503158a1dabdfb02c38302ea4b5e57ed6c813902953e4fc068,correct_future_rate,development,original_environment_planning_6x50,300,6x50,,32768,76.5625,69.53125,93.1640625,100.0,51.953125,0.610603222954544,0.8863065479220504,0.25341818122133775,100.0,89.33333333333333,88.0,88.0,94.0,84.0,92.0,90.0,no
portal_exit/pldm/original,portal_exit,传送门出口,pldm,original,available,icl_development,3073,,,,,3,3,,,,ae5f3709e0b10f8e56202a82db177d48f9d0a5780665c67b559d28b15914a4fd,6e1b1c787be51a5b0e16bf81798d7eeaaef8cfb67023193adc342d939d9ff894,correct_future_rate,development,"original-environment CEM (not history-conditioned, not per-task)",300,6x50,,,50.1953125,42.1875,51.5625,98.046875,0.0,0.0018713433384514018,0.26369058482876945,0.9963076770319002,97.65625,84.66666666666667,82.0,88.0,84.0,86.0,86.0,82.0,no
portal_exit/pldm/scratch,portal_exit,传送门出口,pldm,scratch,available,icl_development,3072,10,tworoom-portal-exit,1cd7e84d63a9bd971737e951b7e56e2119281f3bfc5ae43ea7a741a05f63723e,ContextWorld-portal-exit-32k-coverage-v2,3,3,,,,95ac984c211d6b97e7a965307617637ae9e8c2feb9e636a29e9ccceec47fd91f,2f9106b9ed026d89e6b6d45f6173ad16321ecc3f70a8ab50e5384d96502cc860,correct_future_rate,development,original_environment_planning_6x50,300,6x50,,32768,73.6328125,69.921875,78.7109375,100.0,46.484375,0.6988419498067361,0.9700323800022551,0.12133774644529005,100.0,97.0,96.0,92.0,96.0,100.0,100.0,98.0,no
portal_exit/pldm/joint,portal_exit,传送门出口,pldm,joint,available,icl_development,3072,10,tworoom-portal-exit,1cd7e84d63a9bd971737e951b7e56e2119281f3bfc5ae43ea7a741a05f63723e,ContextWorld-portal-exit-32k-coverage-v2,3,3,,warmstart,ae5f3709e0b10f8e56202a82db177d48f9d0a5780665c67b559d28b15914a4fd,03a1ff2eedff3c2e5e9f2be36e8c890787a482e6ab13aca2d9f1f44812021973,65fb0086b3dfbba2e032fa3fe8bbd872823a74fe059e3a19d73886aaeee4465f,correct_future_rate,development,original_environment_planning_6x50,300,6x50,,32768,53.90625,38.671875,62.109375,100.0,5.859375,0.17711227535791454,0.8075112911581909,0.6938815457306811,100.0,98.66666666666667,98.0,100.0,98.0,98.0,98.0,100.0,no
portal_exit/pldm/frozen,portal_exit,传送门出口,pldm,frozen,available,icl_development,3072,10,tworoom-portal-exit,1cd7e84d63a9bd971737e951b7e56e2119281f3bfc5ae43ea7a741a05f63723e,ContextWorld-portal-exit-32k-coverage-v2,3,3,full_model_warmstart_encoder_only_frozen,warmstart,ae5f3709e0b10f8e56202a82db177d48f9d0a5780665c67b559d28b15914a4fd,de4859d916624f3f511fb84f2daada5e420c9f1bef5c8a1ee0193dde3e5d436f,d66ffd01b63cf4be4da47d3d9d5a49030a4aa5da164674b7b79d1f8ce4f3bdcd,correct_future_rate,development,original_environment_planning_6x50,300,6x50,,32768,92.578125,91.796875,98.2421875,100.0,85.15625,0.6808175958308609,0.905795843643665,0.20330294891342945,100.0,98.66666666666667,96.0,100.0,98.0,100.0,98.0,100.0,no
portal_exit/dinowm/original,portal_exit,传送门出口,dinowm,original,available,icl_development,3073,,,,,3,3,pretrained_visual_encoder_frozen_predictor_trainable,,,20fe17831fac40bcb77f750104c5790626a218b3932778d02e88d91d9b4be23e,2017813ad57ff4e07a55dec719b407761db594b1c861c3e3dc36a49077ff059e,correct_future_rate,development,original_environment_planning_6x50,300,6x50,,,51.3671875,41.796875,54.6875,91.015625,0.0,0.009827845041279482,0.08202962228111123,0.994698383786054,71.484375,100.0,100.0,100.0,100.0,100.0,100.0,100.0,no
portal_exit/dinowm/scratch,portal_exit,传送门出口,dinowm,scratch,available,icl_development,3072,10,tworoom-portal-exit,1cd7e84d63a9bd971737e951b7e56e2119281f3bfc5ae43ea7a741a05f63723e,ContextWorld-portal-exit-32k-coverage-v2,3,3,pretrained_visual_encoder_frozen_predictor_trainable,,,bff5f6ecc2575d7828b11dc3b7e1ad4735ae203112d950e58b35dd0289f34a6c,c2b30e0521dc999614015103e6d84a1bc32cb518ff6603471aa006085d4a7434,correct_future_rate,development,original_environment_planning_6x50,300,6x50,,32768,100.0,100.0,100.0,100.0,100.0,0.8304345735301684,0.9264848833910694,0.1425351834277126,100.0,100.0,100.0,100.0,100.0,100.0,100.0,100.0,no
portal_exit/dinowm/frozen,portal_exit,传送门出口,dinowm,frozen,not_measured,none,,,,,,,,,,,,,,,,,,,,,,,,,,,,,,,,,,,,no
portal_exit/dinowm/projected,portal_exit,传送门出口,dinowm,projected,available,icl_development,3072,10,tworoom-portal-exit,1cd7e84d63a9bd971737e951b7e56e2119281f3bfc5ae43ea7a741a05f63723e,ContextWorld-portal-exit-32k-coverage-v2,3,3,pretrained_visual_encoder_frozen_predictor_trainable,warmstart,5772ce7ff013fdd19655831cc003ea5f1c8fda10651b5164ac344b3673f8e897,855baa67de86659039fff8dd901adddc0634e6ce312a67931c46a505e126c718,9f0978649642c3d1c9c459cf6266e3c869d75d9fbd0b6618fbd62eb919f0b618,correct_future_rate,development,original_environment_planning_6x50,300,6x50,,32768,100.0,100.0,100.0,100.0,100.0,0.8385732998128057,0.9331797065328844,0.13037005663315887,100.0,100.0,100.0,100.0,100.0,100.0,100.0,100.0,no
action_strength/lewm/scratch/scale_2k,action_strength,推手移动幅度,lewm,scratch,available,icl_development,3072,10,pusht-action-strength,46f5cdb8028b3cfca0d2885ee1f4bc2f2ea17a5df72f529d3d3648c191867bc1,ContextWorld-v1,3,3,,,,789ecf6060ccf0148c9527f7342864c0601269a10826ba3db146225be731626f,6ab24e2c54cc87ae71e010877a0826b8e18279ae318097af8a2fcbca4bb623c6,correct_future_rate,development,original_environment,300,6x50,scale_2k,2048,50.0,5.46875,49.609375,45.703125,0.0,9.795521320147234e-05,0.0497752426477304,0.9998079624027316,45.703125,78.33333333333333,78.0,84.0,68.0,76.0,82.0,82.0,no
action_strength/pldm/scratch/scale_2k,action_strength,推手移动幅度,pldm,scratch,available,icl_development,3072,10,pusht-action-strength,46f5cdb8028b3cfca0d2885ee1f4bc2f2ea17a5df72f529d3d3648c191867bc1,ContextWorld-v1,3,3,,,,c768e37b926d86455b1b96a74a91875fcf54fbb5ed912d1f076360421d8decd8,f01dd68adbe068c86e813a9e6381bf69e27c006913a95e02f00a1bcc508810c8,correct_future_rate,development,original_environment,300,6x50,scale_2k,2048,50.0,47.65625,50.5859375,49.609375,0.0,-2.4318350050168495e-05,-0.0005723784202535389,1.0018537385358643,46.875,60.0,60.0,66.0,56.00000000000001,68.0,62.0,48.0,no
action_strength/dinowm/scratch/scale_2k,action_strength,推手移动幅度,dinowm,scratch,available,icl_development,3072,10,pusht-action-strength,,ContextWorld-v1,3,3,pretrained_visual_encoder_frozen_predictor_trainable,scratch,,4001e65cd242262f9543d13dd6b982a62f3f47095659c66ae37d3b78094202e3,0eb960f0b44c017ebf9c1ca942c9e6eb8801179e5344c83b12b55b1224b225fd,correct_future_rate,development,original_environment,300,6x50,scale_2k,2048,89.84375,87.5,96.09375,99.21875,77.34375,0.48930340583892606,0.6585408571291882,0.5734592227831627,94.921875,76.0,82.0,72.0,78.0,82.0,80.0,62.0,no
contact_friction/lewm/scratch/scale_8k,contact_friction,接触摩擦,lewm,scratch,available,icl_development,3072,10,pusht-contact-friction,46f5cdb8028b3cfca0d2885ee1f4bc2f2ea17a5df72f529d3d3648c191867bc1,ContextWorld-v1,3,3,,,,c20b42bdf760ba4105e8567ca73bd7618c34e9421da7ed9fae559dfe945e0249,d2990b3c2e54686553433554ab0153b94bbbd86f07d649b52041123089151b2e,correct_future_rate,development,original_environment,300,6x50,scale_8k,8192,50.0,46.484375,51.5625,50.0,0.0,0.00022982665520560177,0.013501209570886139,0.9998301180341513,48.828125,74.0,78.0,76.0,76.0,74.0,70.0,70.0,no
contact_friction/pldm/scratch/scale_8k,contact_friction,接触摩擦,pldm,scratch,available,icl_development,3072,10,pusht-contact-friction,46f5cdb8028b3cfca0d2885ee1f4bc2f2ea17a5df72f529d3d3648c191867bc1,ContextWorld-v1,3,3,,,,010fe950a55d2a3bed031c840d6e18b0b5ba64b041f8a4fb4ee033f41545fada,948fcf50a7c47453e88a7c04866b9cb0de2052dacbf55a22f38d02eaa8eedc6f,correct_future_rate,development,original_environment,300,6x50,scale_8k,8192,50.1953125,45.3125,50.390625,50.0,0.390625,0.007236270998013033,0.09571301497846547,0.9912433978805211,47.265625,64.66666666666666,72.0,68.0,57.99999999999999,62.0,70.0,57.99999999999999,no
contact_friction/dinowm/scratch/scale_8k,contact_friction,接触摩擦,dinowm,scratch,available,icl_development,3072,10,pusht-contact-friction,46f5cdb8028b3cfca0d2885ee1f4bc2f2ea17a5df72f529d3d3648c191867bc1,ContextWorld-v1,3,3,pretrained_visual_encoder_frozen_predictor_trainable,,,0e61d31887b0d8f4bc70890d34bbd7ed0a64b88a64feb970d7e0fcf97c496aa7,a0254c9938983dfbad145deff0f3d749dbfb5f85b6d3f038f81e4169b637d69f,correct_future_rate,development,original_environment,300,6x50,scale_8k,8192,49.609375,36.328125,47.8515625,45.3125,1.5625,-0.003759535811967188,-0.028415170752965308,1.0250243052758943,30.078125,24.666666666666668,28.000000000000004,22.0,26.0,32.0,26.0,14.000000000000002,no
motion_damping/lewm/scratch/scale_8k,motion_damping,运动阻尼,lewm,scratch,available,icl_development,3072,10,pusht-motion-damping,46f5cdb8028b3cfca0d2885ee1f4bc2f2ea17a5df72f529d3d3648c191867bc1,ContextWorld-v1,3,3,,,,e1aa3256b1b844d445487388223b042f3967fb271c1ba369416b72c89dd90eda,c553ab85410f446211effcd97416cca9f7dfeacf65d2cd7045e145e6a51c32c3,correct_future_rate,development,original_environment,300,6x50,scale_8k,8192,50.0,27.734375,50.390625,49.609375,0.0,0.0017341933587680072,0.06510100259977929,0.9972412232110562,35.546875,80.0,88.0,74.0,78.0,84.0,76.0,80.0,no
motion_damping/pldm/scratch/scale_8k,motion_damping,运动阻尼,pldm,scratch,available,icl_development,3072,10,pusht-motion-damping,46f5cdb8028b3cfca0d2885ee1f4bc2f2ea17a5df72f529d3d3648c191867bc1,ContextWorld-v1,3,3,,,,e912956d88e11655fcf6687ee2378db5d44c68986f10086efeec477c1ab97505,fe0130b28ecd9c8d2dde500efd47d2b31aab3d212ff35557281f49da2aa6e303,correct_future_rate,development,original_environment,300,6x50,scale_8k,8192,54.296875,50.0,53.125,55.46875,7.421875,0.2182523295333049,0.17603902476573982,2.1005873607847856,33.984375,62.66666666666667,76.0,60.0,64.0,56.00000000000001,64.0,56.00000000000001,no
motion_damping/dinowm/scratch/scale_8k,motion_damping,运动阻尼,dinowm,scratch,available,icl_development,3072,10,pusht-motion-damping,46f5cdb8028b3cfca0d2885ee1f4bc2f2ea17a5df72f529d3d3648c191867bc1,ContextWorld-v1,3,3,pretrained_visual_encoder_frozen_predictor_trainable,,,11a6d4b82ccb0960f3fc86c4e511a5b9f7038b2a7a86ec4cd89e418b9cef2e2f,57e768c078406e3c9b8fe1141cbf9cfd91a4ec6b3bdac704e3df1fc84b8f03a5,correct_future_rate,development,original_environment,300,6x50,scale_8k,8192,50.0,20.3125,48.828125,51.171875,0.390625,0.00272715490765318,0.020177844838827827,1.012812809209624,34.375,25.0,20.0,24.0,34.0,28.000000000000004,24.0,20.0,no
robot_arm_mass/lewm/scratch/scale_2k,robot_arm_mass,机械臂质量,lewm,scratch,available,icl_development,3072,10,reacher-arm-mass,46f5cdb8028b3cfca0d2885ee1f4bc2f2ea17a5df72f529d3d3648c191867bc1,ContextWorld-v1,3,3,,,,150d23723edbf08d11f0372b40b17c03fc52e615154823074380df9807d7ff21,1ab7b146327d0b89224f6a391ee1c596112e362662f3e91e36f2f75c40e70d0c,correct_future_rate,development,original_environment,300,6x50,scale_2k,2048,84.765625,79.296875,87.6953125,97.65625,66.796875,1.0006116228276307,0.9353786469693776,0.14311966489522493,93.75,58.0,48.0,56.00000000000001,54.0,62.0,72.0,56.00000000000001,no
robot_arm_mass/pldm/scratch/scale_2k,robot_arm_mass,机械臂质量,pldm,scratch,available,icl_development,3072,10,reacher-arm-mass,46f5cdb8028b3cfca0d2885ee1f4bc2f2ea17a5df72f529d3d3648c191867bc1,ContextWorld-v1,3,3,,,,2d099b978b2d989b3256b7b9f21e24fa6250e2ee054d9ac0fcc23b9e116060fa,0726467de93642e88e94a11ec17ceda96ff45f30992dc37252d7bb1b0c3b363b,correct_future_rate,development,original_environment,300,6x50,scale_2k,2048,52.5390625,51.953125,56.640625,56.25,6.640625,0.12980741396048326,0.2347485662792597,1.0461539228049632,40.625,45.666666666666664,40.0,42.0,42.0,57.99999999999999,38.0,54.0,no
robot_arm_mass/dinowm/scratch/scale_2k,robot_arm_mass,机械臂质量,dinowm,scratch,available,icl_development,3072,10,reacher-arm-mass,46f5cdb8028b3cfca0d2885ee1f4bc2f2ea17a5df72f529d3d3648c191867bc1,ContextWorld-v1,3,3,pretrained_visual_encoder_frozen_predictor_trainable,,,b5cc3a07e64a8ae217a46aae9b00cefda94cf9e82611eb52a5b91381acf23a0a,1123f85664532f356979ec221b14e6d3b2463bbfd1c0daab29ff032afa3bad55,correct_future_rate,development,original_environment,300,6x50,scale_2k,2048,50.5859375,40.234375,53.515625,58.59375,1.171875,0.003975627121163153,0.042200046511750605,1.0009240945624582,44.53125,54.333333333333336,48.0,48.0,54.0,57.99999999999999,56.00000000000001,62.0,no
cube_gripper_carry/lewm/scratch/scale_2k,cube_gripper_carry,Cube 夹爪携带,lewm,scratch,available,icl_development,3072,10,cube-gripper-carry,46f5cdb8028b3cfca0d2885ee1f4bc2f2ea17a5df72f529d3d3648c191867bc1,ContextWorld-v1,3,3,,,,e38fa85f896ba36346efd7b70271637a815731a92b5476f3e73c431312f79109,b1420851d534333da279a87d0cb05181785adf5e21c8af5d0eee396e4664921f,correct_future_rate,development,original_environment,300,6x50,scale_2k,2048,50.0,49.21875,49.8046875,48.4375,0.0,-0.00025501189098941157,-0.024637385235442164,1.0006171588463313,46.875,61.66666666666667,60.0,80.0,56.00000000000001,56.00000000000001,62.0,56.00000000000001,no
cube_gripper_carry/pldm/scratch/scale_2k,cube_gripper_carry,Cube 夹爪携带,pldm,scratch,available,icl_development,3072,10,cube-gripper-carry,46f5cdb8028b3cfca0d2885ee1f4bc2f2ea17a5df72f529d3d3648c191867bc1,ContextWorld-v1,3,3,,,,81612a9956906f2b0ef00e208ff5900c687a51debcaa8f5070d2d1900912b253,faa21f128604557f5f847afcb2a361691554e5ddbc3305e48cd1e845b1e96798,correct_future_rate,development,original_environment,300,6x50,scale_2k,2048,50.0,48.046875,50.5859375,53.515625,0.0,0.000230698980717213,0.008560394913322285,1.0002648814799517,52.34375,60.0,60.0,78.0,54.0,56.00000000000001,62.0,50.0,no
cube_gripper_carry/dinowm/scratch/scale_2k,cube_gripper_carry,Cube 夹爪携带,dinowm,scratch,available,icl_development,3072,10,cube-gripper-carry,46f5cdb8028b3cfca0d2885ee1f4bc2f2ea17a5df72f529d3d3648c191867bc1,ContextWorld-v1,3,3,pretrained_visual_encoder_frozen_predictor_trainable,,,ed330cff63fe7dc5325d8fa7c3c88eda59c311164f4dfb40f1b61dc779e4bb6a,69d5da4cdd46a02f0a70b6d0f03c5f03b79e64a1936c91adab1bfb1df4e01945,correct_future_rate,development,original_environment,300,6x50,scale_2k,2048,50.1953125,30.078125,56.25,75.0,0.0,0.0032183153316912108,0.081447874991312,0.9951247100073335,65.625,72.0,72.0,86.0,64.0,66.0,76.0,68.0,no
portal_exit/lewm/scratch/scale_2k,portal_exit,传送门出口,lewm,scratch,available,icl_development,3072,10,tworoom-portal-exit,46f5cdb8028b3cfca0d2885ee1f4bc2f2ea17a5df72f529d3d3648c191867bc1,ContextWorld-v1,3,3,,,,cef052a4d616daaff91239163a7e2644421d77b789d6a7628d39cbaf5903ceb6,420ea3ff07cdaeff35b424221921cea321e9153a026da184214fbb363d9d68b7,correct_future_rate,development,original_environment,300,6x50,scale_2k,2048,50.9765625,48.828125,69.53125,100.0,1.171875,0.03769616791275379,0.8107077556408532,0.9267697142631983,100.0,98.33333333333333,96.0,98.0,98.0,100.0,100.0,98.0,no
portal_exit/pldm/scratch/scale_2k,portal_exit,传送门出口,pldm,scratch,available,icl_development,3072,10,tworoom-portal-exit,46f5cdb8028b3cfca0d2885ee1f4bc2f2ea17a5df72f529d3d3648c191867bc1,ContextWorld-v1,3,3,,,,30f642b674c063a82fd396d488211187f25742e0df6a31f4b6071851ceafb380,bf2517fdeff64ac74d1a75f813ffc0169c8f957fe14559694e6b0a6caf40a5a8,correct_future_rate,development,original_environment,300,6x50,scale_2k,2048,67.3828125,59.375,75.390625,100.0,33.984375,0.6464596281139763,0.9676173867428112,0.15343069251633804,100.0,92.33333333333333,88.0,90.0,98.0,88.0,98.0,92.0,no
portal_exit/dinowm/scratch/scale_2k,portal_exit,传送门出口,dinowm,scratch,available,icl_development,3072,10,tworoom-portal-exit,46f5cdb8028b3cfca0d2885ee1f4bc2f2ea17a5df72f529d3d3648c191867bc1,ContextWorld-v1,3,3,pretrained_visual_encoder_frozen_predictor_trainable,,,77eaccfcb5b6339d6ecc30341a67280e7a4bc4f55d566984f1c0afcb75d1c84f,b264a5164619fbbe27903c18a7d9f72659235513b0b1911099178109c7cbf2e8,correct_future_rate,development,original_environment,300,6x50,scale_2k,2048,99.21875,98.4375,100.0,100.0,98.4375,0.3538326700771139,0.6704090148542895,0.5708930015334935,100.0,99.33333333333333,100.0,100.0,98.0,100.0,98.0,100.0,no
action_strength/lewm/joint/scale_2k,action_strength,推手移动幅度,lewm,joint,available,icl_development,3072,10,pusht-action-strength,4c5b9cdc84006caeac2a9770501f943affe2b81e32d70c27ab504770b28a93c4,ContextWorld-v1,3,3,,warmstart,9f13b2c28bb909338047e08d62bf6eb16ea3616cb53e57cfa9b5072b43db1c59,d2a9b7f8fec6aeada4647f830c7bba462d3298353a9055620a0a950623df9864,b083b9129c328d8acf0c66fd3c7ab3e30839263e448d51a447555e7e586baa35,correct_future_rate,development,original_environment,300,6x50,scale_2k,2048,55.6640625,14.453125,80.078125,94.921875,8.59375,0.14413295616556704,0.45907584008233365,0.8103070283710542,85.15625,86.0,82.0,90.0,84.0,84.0,88.0,88.0,no
action_strength/lewm/joint/scale_8k,action_strength,推手移动幅度,lewm,joint,available,icl_development,3072,10,pusht-action-strength,10063c015337128eda3d1995cb2ae572da21aae1d9cb35f7a36b3a51efef15e5,ContextWorld-action-strength-8k-v1,3,3,,warmstart,9f13b2c28bb909338047e08d62bf6eb16ea3616cb53e57cfa9b5072b43db1c59,2a6e3b1847a47cc679e7c3d1e91f817f1bb98b17df2a2b4f12096999600d536b,5331653b975944152aac99efa639687753336f067769e6d9fd1c3cc5129ad2db,correct_future_rate,development,original_environment,300,6x50,scale_8k,8192,82.421875,66.796875,95.5078125,100.0,61.71875,0.5762420303854331,0.7823950998508298,0.3899633248533618,95.3125,85.33333333333333,84.0,80.0,86.0,92.0,82.0,88.0,no
