task,family,regime,score,ci95_low,ci95_high,training_repetitions,training_sd,scenes
action_delay,dinowm,scratch,-6476.370096121175,-6567.580450242467,-6383.548483189837,3,1982.8069008214936,300
action_delay,lewm,scratch,-46.246929253163806,-48.6549425215235,-43.925617915850836,3,2.8929117266207944,300
action_delay,pldm,scratch,-80.74702691922863,-82.04409828385904,-79.49916474358827,3,1.9149179204091413,300
action_strength,dinowm,original,-229.98361922324318,-244.64793895957754,-216.56536029366254,1,,256
action_strength,dinowm,scratch,-99.61633199028137,-105.47655007875312,-94.11335524658338,1,,256
action_strength,lewm,frozen,-46.361100611032825,-53.670350611748894,-39.582837609148925,1,,256
action_strength,lewm,joint,-150.37795295943403,-158.5806699756212,-142.48998089821177,1,,256
action_strength,lewm,original,-137.84045909640523,-148.10498322670506,-128.4257528879988,3,14.939417136162081,256
action_strength,lewm,scratch,-257.15717445000257,-274.110717173689,-242.10575352470306,1,,256
action_strength,pldm,frozen,-44.517438024350156,-50.59483784223879,-38.84052088739115,1,,256
action_strength,pldm,joint,-281.09315795087747,-296.7582574060076,-266.39819300360676,1,,256
action_strength,pldm,original,-147.07388306170577,-155.2429957470802,-139.51910808783848,3,3.2530360194712356,256
action_strength,pldm,scratch,-553.3362448756894,-584.723605130736,-524.0809315680551,1,,256
contact_friction,dinowm,original,-510.85461766966694,-537.1682880074796,-484.97556531028204,1,,256
contact_friction,dinowm,scratch,-267.2981815473312,-274.4002803943635,-260.27909033135313,1,,256
contact_friction,lewm,frozen,-189.14098402455437,-195.2671991442687,-183.2648367964482,1,,256
contact_friction,lewm,joint,-171.39201706947057,-175.75485355008166,-167.43177451388416,1,,256
contact_friction,lewm,original,-175.31033734591657,-183.36485681209254,-167.95050122854838,3,23.117751904589245,256
contact_friction,lewm,scratch,-169.25471752679059,-174.68906584612614,-164.23087888669716,1,,256
contact_friction,pldm,frozen,-349.91443210005474,-361.79446689905575,-339.10747249458535,1,,256
contact_friction,pldm,joint,-608.6067147253328,-636.6209412798635,-582.8018322547808,1,,256
contact_friction,pldm,original,-286.9012010975385,-299.204790994402,-275.34049394818646,3,27.46808641897334,256
contact_friction,pldm,scratch,-526.947494566627,-560.227444284272,-497.51835222448693,1,,256
cube_gripper_carry,dinowm,frozen,-1074.669777441823,-1108.2497164799381,-1041.666412169894,1,,256
cube_gripper_carry,dinowm,original,-4185.668715366755,-4306.808315857154,-4069.6125614954494,1,,256
cube_gripper_carry,dinowm,scratch,-1078.892833574111,-1114.0843057383297,-1045.3812687105146,1,,256
cube_gripper_carry,lewm,frozen,-1093.7007781728794,-1188.2914381545065,-1009.58262090752,1,,256
cube_gripper_carry,lewm,joint,-1208.5113408596876,-1394.6150888848315,-1061.2917969649955,1,,256
cube_gripper_carry,lewm,original,-1067.8294744489751,-1178.3492371221553,-972.7915100689289,3,179.95855802624706,256
cube_gripper_carry,lewm,scratch,-19747.16238744513,-24001.296114279532,-16562.16698833774,1,,256
cube_gripper_carry,pldm,frozen,-2896.9161776047567,-4538.754115643303,-2053.831016720022,1,,256
cube_gripper_carry,pldm,joint,-2555.28930837684,-2859.2173617252656,-2312.762575320004,1,,256
cube_gripper_carry,pldm,original,-1434.9771292096839,-2115.219762721731,-1112.5553029841246,3,543.5111825874201,256
cube_gripper_carry,pldm,scratch,-14659.074292167319,-18379.610045273224,-12046.76673785201,1,,256
door,dinowm,original,-323.31693190314655,-332.1390913826376,-314.3369602540011,1,,300
door,dinowm,scratch,-32.87741095929195,-35.433724356362845,-30.345281957326975,3,3.3294252012957766,300
door,lewm,frozen,-144.1613232582696,-148.2753112020011,-139.9646842314659,1,,300
door,lewm,joint,-142.66042128458878,-147.84393954390862,-137.81593539065753,1,,300
door,lewm,original,-367.5885941163637,-378.42574713262127,-356.7608827297769,3,86.68614828408997,300
door,lewm,scratch,-198.12830638206523,-202.40664109614372,-193.7649590773906,3,18.03527716316327,300
door,pldm,frozen,-145.5142132478817,-149.1133855680587,-141.89366389255454,1,,300
door,pldm,joint,-134.86867981529076,-139.69520629823774,-130.24040490108325,1,,300
door,pldm,original,-651.9783005278099,-671.7550481126952,-632.2610516610578,3,118.98615712750795,300
door,pldm,scratch,-140.35781672456147,-142.36659969867134,-138.42011821141372,3,24.751179670223568,300
motion_damping,dinowm,frozen,-592.7020725428732,-613.5141181646424,-573.0694244446112,1,,256
motion_damping,dinowm,original,-746.5206301407337,-782.4797772652495,-712.1519033527838,1,,256
motion_damping,dinowm,scratch,-627.3458869976816,-648.191863850671,-607.738400143873,1,,256
motion_damping,lewm,frozen,-720.2162632173083,-783.197771750372,-665.6720352336907,1,,256
motion_damping,lewm,joint,-9478.716147812172,-10933.311690243403,-8279.232952000877,1,,256
motion_damping,lewm,original,-430.7758383438916,-461.64607626701627,-404.2077188506602,3,29.338051791303663,256
motion_damping,lewm,scratch,-29061.401884832354,-33495.90607527076,-25207.12027934872,1,,256
motion_damping,pldm,frozen,-455.31120838323505,-487.057712951742,-427.5506843843696,1,,256
motion_damping,pldm,joint,-724.6623935198475,-754.7476581265503,-695.7488404422438,1,,256
motion_damping,pldm,original,-497.3271444290635,-531.8237249345892,-466.8074816325864,3,22.234639443883268,256
motion_damping,pldm,scratch,-2442.3955849451736,-2844.4498397079315,-2120.147944419464,1,,256
portal_exit,dinowm,original,-4099.0834294675315,-4214.449102422507,-3990.941266405825,1,,256
portal_exit,dinowm,scratch,-709.1969461585954,-718.1432534631523,-700.531439836795,1,,256
portal_exit,lewm,frozen,-1228.576879713016,-1614.7214904503626,-962.546564245911,1,,256
portal_exit,lewm,joint,-6053.757578803884,-8037.298798655416,-4809.865414705439,1,,256
portal_exit,lewm,original,-82125.39425047631,-130271.33515510219,-58657.63573804895,3,29270.464824240582,256
portal_exit,lewm,scratch,-5755.151747805866,-7346.461732585933,-4645.040049118785,1,,256
portal_exit,pldm,frozen,-948.4803591926097,-1110.1169797192292,-821.9293179451456,1,,256
portal_exit,pldm,joint,-2088.0957393790213,-2307.7144731039616,-1906.5104950105083,1,,256
portal_exit,pldm,original,-105597.55543414525,-151207.7994308815,-78861.06239489716,3,44879.5181137006,256
portal_exit,pldm,scratch,-3655.645393416431,-3819.549826311391,-3499.109712829613,1,,256
robot_arm_mass,dinowm,original,-4724.5553466832425,-5019.79415875378,-4463.155082316328,1,,256
robot_arm_mass,dinowm,scratch,-1324.5812695130726,-1365.5115885251887,-1277.02645912303,1,,256
robot_arm_mass,lewm,frozen,-3081.445059101628,-3454.730945724507,-2658.116843650107,1,,256
robot_arm_mass,lewm,joint,-4615.188864178775,-5137.389225628994,-4080.2359905653498,1,,256
robot_arm_mass,lewm,original,-68638.0991117056,-81533.18048528812,-57033.886969999985,3,16165.586400264272,256
robot_arm_mass,lewm,scratch,-5029.127351691507,-5575.125376356112,-4468.362579407526,1,,256
robot_arm_mass,pldm,frozen,-1564.4137139456727,-1703.1168573425716,-1406.7472384240161,1,,256
robot_arm_mass,pldm,joint,-4342.089345243336,-4920.846739469923,-3765.905193636047,1,,256
robot_arm_mass,pldm,original,-1759.3529978158551,-1992.9003038476815,-1562.9805713537235,3,839.7740050118057,256
robot_arm_mass,pldm,scratch,-1261.6769712712517,-1363.147884251921,-1178.0261090208494,1,,256
speed,dinowm,frozen,11.40195849348855,7.325497810883479,15.263483870056133,1,,300
speed,dinowm,original,-97.25346273205902,-99.14742552551981,-95.44875231131071,1,,300
speed,dinowm,scratch,-110.08491365329051,-113.28299922566221,-106.98384785634171,3,2.671386156210412,300
speed,lewm,frozen,85.63222535729523,84.41375775294603,86.80437660423594,1,,300
speed,lewm,joint,59.41124099256332,57.088381047083956,61.62587648447702,1,,300
speed,lewm,original,-49.773797377708654,-51.70694359243383,-47.81216857897958,3,0.4237486329819007,300
speed,lewm,scratch,63.73173495041988,61.89531438187012,65.49530907765156,3,15.655160067757958,300
speed,pldm,frozen,69.83624775531696,68.05506902449541,71.51566877765812,1,,300
speed,pldm,joint,64.71134721711718,62.082549230722584,67.32303975791234,1,,300
speed,pldm,original,-237.68684380500915,-244.49513179476205,-230.88027202420997,3,150.2776060106469,300
speed,pldm,scratch,47.990575707935314,45.576837285787775,50.22125674253099,3,9.905981919409268,300
