task,family,regime,multistep_status,training_repetitions,scenes,original_choice,original_nre,original_cem,response_ratio,response_ci95_low,response_ci95_high,complete_error_ratio,common_bias_ratio,history_gain,history_ci95_low,history_ci95_high,free_first,free_last,real_input_last,response_first,response_last,real_input_response_last
speed,lewm,original,available,3,300,59.14814814813334,0.8962198724333333,92.44444444443333,0.9765838304537434,0.9748747338122333,0.9783551703105298,1.4977379737770866,0.521154143323343,0.03714456449201379,0.03453223072442812,0.039713358840513295,0.3408596263149925,2.321028917343357,0.26614757642303083,0.9491050177218049,0.9832162727282924,0.0928889978958275
speed,lewm,scratch,available,3,300,98.0,0.041626895266666665,97.44444444443333,0.18290428772232992,0.17055651246155507,0.19524740195050305,0.36268265049580134,0.1797783627734714,2.722858881974311,2.6856718365870993,2.7593187980036875,0.11854052294164959,0.6110997895122731,0.12271975451181645,0.06385288876563222,0.24923605497366874,0.02745500285997714
speed,lewm,joint,available,1,300,96.66666666666667,0.05505006732135016,97.0,0.16467069970359216,0.1507546487434471,0.1793098922592959,0.4058875900743668,0.24121689037077465,2.7109253830360225,2.671922929606838,2.7500615914033832,0.171492982502063,0.5903803731771379,0.17562240598606782,0.0834800851584661,0.1983808117657028,0.03895726205775646
speed,lewm,frozen,available,1,300,98.55555555555556,0.030036504382738007,95.0,0.07126618986110567,0.06396397898871038,0.07864169992192223,0.1436777464270478,0.07241155656594217,2.9055457978669184,2.8847094718628306,2.9249133884199696,0.04486427595356622,0.2607580333719505,0.04985682491916974,0.02971637915788902,0.1012429307287271,0.01362597452740683
speed,pldm,original,available,3,300,48.481481481466666,0.9249446748666666,90.55555555556667,0.9892576880661984,0.9882307954126249,0.9904227069204573,3.376868438050091,2.3876107499838928,0.017882940823311284,0.01629258090437933,0.01949541888805616,1.6104998422464831,4.51864647499174,1.6327734986937301,0.9715693209431832,0.9933369168009348,0.27960123003183834
speed,pldm,scratch,available,3,300,97.1851851852,0.08389357293333333,96.8888888889,0.22770267119606488,0.213067398058995,0.2438882501523381,0.5200942429206469,0.292391571724582,2.69029006574863,2.6473038121194303,2.7317009353845116,0.2719839496631131,0.7529747964663359,0.26984557156512634,0.11564695185279318,0.28694391108222894,0.06346595787484546
speed,pldm,joint,available,1,300,98.88888888888889,0.04599791679459515,96.33333333333333,0.21793699581946868,0.1997629710103182,0.23861044966745718,0.35288652782882823,0.13494953200935947,2.686561854202785,2.6383827099930186,2.7334225417144307,0.09896938493389484,0.6528156104133988,0.095934284492631,0.07571489396960755,0.31473565527136854,0.02897718487500417
speed,pldm,frozen,available,1,300,95.55555555555557,0.06483283917791433,98.0,0.16791470182646837,0.15622247957727087,0.1800251449123768,0.30163752244683045,0.13372282062036212,2.730391277182088,2.6991069647637076,2.761089287196675,0.09484448801458685,0.5457529207106958,0.09431364490825175,0.07694123400712968,0.23099580879744872,0.026096288596420627
speed,dinowm,original,available,1,300,58.55555555555556,0.9283639604412296,100.0,0.9778804661723121,0.9750641150440545,0.9808856492273025,1.97253462732059,0.9946541611482779,0.04460980209878285,0.04067712025056343,0.04848255121446385,0.8531761997008568,2.9833602573240716,0.9965389067409495,0.9569238876813323,0.9855374597975074,0.2666307615684316
speed,dinowm,scratch,available,3,300,56.55555555556666,0.9670970574000001,99.8888888889,0.9881825080025419,0.9865549322907844,0.9898305974006986,2.1008491365329047,1.112666628530363,0.024068051583339283,0.021465945048889955,0.026596638150511775,0.8433238870143417,3.3156760472702484,1.0390554153914584,0.9809495243710938,0.991210320120924,0.3186173343874153
speed,dinowm,frozen,available,1,300,86.0,0.410745811532073,100.0,0.4007506294925737,0.37806287500970887,0.4234811169999959,0.8859804150651144,0.4852297855725407,1.854074778207807,1.7843244275401153,1.9244341698016516,0.4487102606059829,1.3252694703833778,0.43172391150482153,0.3603885349615264,0.4380538857089426,0.0892007420422164
action_strength,lewm,original,available,3,256,49.153645833333336,1.0153288394666666,82.22222222223333,1.0139470973268871,1.0120022505055513,1.0158953571928049,2.3784045909640525,1.3644574936371656,-0.02474995982052978,-0.028592569276758583,-0.020932509709142656,0.8341353483747119,3.4529190361457283,0.31080666930010953,1.0177080955577364,1.0116450978010796,0.08378703134862843
action_strength,lewm,scratch,available,1,256,50.78125,0.9812409600640022,78.66666666666667,0.9926424015223694,0.9911196953587554,0.9939793979976868,3.5715717445000266,2.5789293429776565,0.015588203488178909,0.012569622793129244,0.01890892138924113,0.8262974695304022,5.671159788320755,0.5448511615131952,0.9803204998245406,0.9955767711803097,0.1922900484240635
action_strength,lewm,joint,available,1,256,90.8203125,0.22229707510273547,86.0,0.8212033869789263,0.803473836778724,0.8381319886929405,2.50377952959434,1.6825761426154136,0.6526212635268847,0.602679164151078,0.7059520100033365,0.30221072021092266,4.239720174146068,0.43670676483161786,0.3283951858781898,0.9259172039577037,0.1554918318836838
action_strength,lewm,frozen,available,1,256,97.265625,0.14376290532611674,73.66666666666667,0.502456131184085,0.4859425154352512,0.5184896579805213,1.4636110061103282,0.9611548749262433,1.6504336501438996,1.6020611348730145,1.694854178546689,0.2973341873657814,2.3398494757757975,0.24339533208315822,0.2232305904789639,0.6323355108832655,0.08318170859592171
action_strength,pldm,original,available,3,256,47.65625,1.0481981675666667,75.66666666666667,1.0255318969715315,1.023240966504624,1.0280178791327297,2.4707388306170572,1.445206933645526,-0.04727170043336878,-0.051893371018813694,-0.04281224332835217,0.9482349350224948,3.4218509439546714,0.42288059948291806,1.0424609422901023,1.0187923013154563,0.12322715232053594
action_strength,pldm,scratch,available,1,256,56.640625,0.8956576629424007,61.33333333333333,1.0124968839135728,1.0019399956302193,1.0238231471572683,6.533362448756893,5.52086556484332,0.06242190789987845,0.044460711056267366,0.08142121393085036,3.5952336638042444,8.48329171453656,6.794370308375005,0.9432963126192204,1.0316583795848089,0.964345697113227
action_strength,pldm,joint,available,1,256,60.546875,0.7980878593053528,72.0,0.9344231696850955,0.9171521085106153,0.9485937751540379,3.8109315795087757,2.8765084098236797,0.26241068961259373,0.21126599431420323,0.319031194733405,2.141306450994531,5.180619333916185,1.4245739519876426,0.8619203807701915,0.9677999999502319,0.31034793024573437
action_strength,pldm,frozen,available,1,256,98.046875,0.11512181115030837,59.333333333333336,0.5156607209711505,0.5019285007319902,0.530209694084393,1.4451743802435015,0.9295136592723511,1.6078262127142635,1.5673753624190865,1.6463308700682031,0.25680646728709033,2.2835402220072236,0.3313710689640114,0.1683464355084149,0.6658325909507596,0.11325781639123197
action_strength,dinowm,original,available,1,256,39.84375,1.1125060747811057,76.66666666666667,1.0743139438724565,1.0675201840323818,1.0818508536876184,3.2998361922324326,2.2255222483599764,-0.0972605658999286,-0.10674997320647361,-0.08777778165759484,1.9112576116902513,4.26263663224757,1.1027023380375807,1.09893924865227,1.067070344906874,0.3400525510279873
action_strength,dinowm,scratch,available,1,256,96.09375,0.43165927544440985,76.66666666666667,0.7766178418117939,0.761776484719547,0.7906172960498844,1.9961633199028137,1.2195454780910195,1.0867445528249797,1.0445820288631673,1.1300204111411476,0.8317534647495275,2.804833647589086,0.8106915304240829,0.48550562664232044,0.9023059494042421,0.30442945388774173
action_strength,dinowm,frozen,not_available,,,,,,,,,,,,,,,,,,,
robot_arm_mass,lewm,original,available,3,256,50.130208333333336,0.9766238642666667,55.8888888889,1.003806465825311,1.0026281865132896,1.0053956804893163,687.380991117056,686.3771846512308,0.0014310300103564562,0.0001230778630628038,0.002803577136489821,410.339499203445,816.5638286386164,384.0715536503346,0.9876897141135282,1.0111506019681742,1.0686904313547103
robot_arm_mass,lewm,scratch,available,1,256,87.109375,0.04832336432571279,58.0,1.202187091251667,1.1717810643473325,1.2354645555654873,51.291273516915076,50.0890864256634,0.21401670397118266,0.18234848097953762,0.2469578725676856,1.4456362806135343,80.91578712713863,25.754264302610487,0.3560127481038289,1.271835439073509,1.773271179363148
robot_arm_mass,lewm,joint,available,1,256,88.8671875,0.039451758221951044,59.0,1.1707326432182186,1.1434459060535156,1.2008092158939412,47.15188864178774,45.98115599856952,0.26476933074564357,0.2249973353881714,0.30691017749294164,1.3461286283111968,77.04740852981523,19.67344009253317,0.3180063087793027,1.2600909438061356,1.4504319840631703
robot_arm_mass,lewm,frozen,available,1,256,80.859375,0.3378235132112611,59.66666666666667,1.0199482581213264,1.0053252570045812,1.0375358089740905,31.81445059101628,30.79450233289495,0.30994445836282125,0.26016224348239947,0.3620855740262316,2.0032621391028664,60.36384791245167,12.73077346751408,0.533755489475787,1.1739276365113809,0.8594569664005638
robot_arm_mass,pldm,original,available,3,256,51.432291666666664,0.9215329631666668,69.66666666666667,1.007835410400144,1.0018691228880825,1.015272100702396,18.593529978158553,17.585694567758406,0.012554116959010505,0.008485280193710842,0.01706870981083597,8.000392669586915,26.287578074282425,7.4753786503095485,0.9623102242348799,1.0201954329594325,0.8250602015265956
robot_arm_mass,pldm,scratch,available,1,256,91.2109375,0.03276674190407705,51.666666666666664,1.291854406554498,1.261152440574989,1.3220634324793303,13.616769712712514,12.324915306158017,0.33572127304080723,0.30606801668436445,0.36343272899906626,0.7981433528498513,18.724693446136435,10.071967477278854,0.44219473563308004,1.5103687819173646,2.066885534548149
robot_arm_mass,pldm,joint,available,1,256,85.9375,0.07741381762589711,58.66666666666667,1.1148172778965861,1.0917578693896852,1.139391744189103,44.42089345243335,43.30607617453676,0.27364903883722747,0.23043798311119978,0.32066179979416914,1.6479742116805485,80.07042210377854,28.717946345856255,0.39901323371884073,1.3066947533133295,1.3683422587184946
robot_arm_mass,pldm,frozen,available,1,256,87.109375,0.21086704748484686,89.0,0.9641881664004479,0.9515310493448149,0.9748675200600914,16.644137139456724,15.679948973056275,0.4821032753212151,0.4200737205992345,0.5415112411477161,1.2689996770397656,32.71780829139951,6.472445381316745,0.43837669370267185,1.2081250165872355,0.6991035841721006
robot_arm_mass,dinowm,original,available,1,256,50.9765625,0.9795700288187008,90.66666666666667,0.9996643670491825,0.99709865305299,1.0020057903343353,48.24555346683242,47.245889099783234,0.007097533101777742,0.0019190552960141717,0.012400130796321207,34.006360908204385,55.803914692617894,35.204235988775274,0.9877683473274959,1.0041684787066738,0.8974642290509879
robot_arm_mass,dinowm,scratch,available,1,256,80.46875,0.6575899887316345,75.0,1.0412950086042136,1.0339567608644051,1.0486162275848376,14.245812695130722,13.20451768652651,0.11439480379154077,0.10166722072022152,0.12832280970145576,2.9303171950164693,21.883336197708214,8.210538154545215,0.8264036660289569,1.087134765567466,1.3500291721980548
robot_arm_mass,dinowm,frozen,not_available,,,,,,,,,,,,,,,,,,,
action_delay,lewm,original,not_available,,,16.6666666667,1.0125582414,92.44444444443333,,,,,,,,,,,,,,
action_delay,lewm,scratch,available,3,300,97.6388888889,0.011968606466666665,87.33333333333333,0.5633248806355282,0.5437745601831697,0.5820784056414172,1.4624692925316378,0.8991444118961098,1.2997263560574162,1.2803901782910703,1.3183009633215965,0.61363236726254,2.185376484304394,0.7327845874941247,0.41839130119621926,0.7383899301834197,0.2637950589240252
action_delay,lewm,joint,not_available,,,,,,,,,,,,,,,,,,,
action_delay,lewm,frozen,not_available,,,,,,,,,,,,,,,,,,,
action_delay,pldm,original,not_available,,,16.660493827166665,1.0085984730666666,90.55555555556667,,,,,,,,,,,,,,
action_delay,pldm,scratch,available,3,300,99.98456790123333,0.006697591133333333,90.8888888889,0.8526652166392864,0.8446804043889071,0.8606977476530451,1.8074702691922864,0.954805052553,1.1310827376514652,1.1239847793723605,1.138006355618542,0.634639701203158,2.707724632748827,0.7434752404762192,0.44657877431093224,1.484558738148853,0.5088002693265381
action_delay,pldm,joint,not_available,,,,,,,,,,,,,,,,,,,
action_delay,pldm,frozen,not_available,,,,,,,,,,,,,,,,,,,
action_delay,dinowm,original,not_available,,,,,100.0,,,,,,,,,,,,,,
action_delay,dinowm,scratch,available,3,300,16.62962962963333,1.0000841965333334,33.55555555556666,1.0002149528884827,1.000195867554685,1.0002356101719903,65.76370096121174,64.76348600832326,-2.137027351523102e-06,-6.927681387480789e-06,2.5351260120487506e-06,66.15439266644908,65.58775879916256,66.1344104495739,1.000111231761961,1.0003630823874419,1.0004134917058813
action_delay,dinowm,frozen,not_available,,,,,,,,,,,,,,,,,,,
contact_friction,lewm,original,available,3,256,49.869791666666664,1.0013262729999999,82.22222222223333,1.0061036012071456,1.0046914991907718,1.0075038772193239,2.7531033734591652,1.74699977225202,-0.011136475995253914,-0.013923138750538123,-0.008423751880181872,0.5336030855511561,4.713999823334284,0.4003611459037437,1.0023913002515246,1.0059693705624662,0.05977665335104232
contact_friction,lewm,scratch,available,1,256,50.0,0.9992282091145698,76.66666666666667,1.0001293724342322,1.0000811868527228,1.0001793295376715,2.692547175267906,1.6924178028336738,-0.0002531985145872717,-0.00035921682374968623,-0.00014918630633593553,0.22879853987660853,4.407496597221539,0.2562497882543098,1.0000135269571109,1.000130741152396,0.06629118969880207
contact_friction,lewm,joint,available,1,256,50.1953125,0.9985885217596725,86.0,0.9999688168038404,0.9999364567604214,0.9999987145384969,2.7139201706947063,1.7139513538908653,6.432141506973466e-05,6.219084765612979e-07,0.0001301726812816595,0.23529910493991546,4.258026347708192,0.2381414685414933,0.9999241870282044,1.000007909827067,0.07883816295219173
contact_friction,lewm,frozen,available,1,256,87.5,0.448316304644514,83.33333333333333,0.9425155611908921,0.9396552053892442,0.9453632805778402,2.8914098402455437,1.948894279054652,0.13489010418660996,0.1282541392310248,0.14199314298936624,0.43639209719593547,4.640489287049551,0.5488476405768968,0.8204114273164789,0.9585999390889655,0.10880087489451744
contact_friction,pldm,original,available,3,256,49.8046875,1.0120625332666666,75.66666666666667,1.0046723653242926,1.0034895613949781,1.0059108123769156,3.869012010975385,2.8643396456510914,-0.007782235919424618,-0.01006530889120385,-0.005539569397111243,1.2654110249781587,5.859605985480059,1.0163546100888843,0.9969763783576763,1.005289505570506,0.15355716473384293
contact_friction,pldm,scratch,available,1,256,50.1953125,1.0008853826107424,65.66666666666667,0.999828566985411,0.9996294824979661,1.0000131726920984,6.2694749456662695,5.269646378680858,0.00040636128356297263,4.615603448621109e-05,0.0008273741069322992,1.498705527432086,8.455105684614448,3.1286739809902633,1.000033429903174,0.9999689665451927,0.5484899158326718
contact_friction,pldm,joint,available,1,256,50.0,1.0040517617884581,73.33333333333333,1.0002276638267376,0.9998815455337646,1.0006900217186776,7.0860671472533285,6.08583948342659,-0.0003318520799115987,-0.001243688406965826,0.0003410256288804982,1.5419072097537667,10.218745900271944,3.499319209289983,1.0011331076003471,1.0000145993012497,0.5327575949192728
contact_friction,pldm,frozen,available,1,256,73.828125,0.6037174379630619,79.66666666666667,0.9526810441317541,0.9494527201658509,0.9559576806095094,4.499144321000547,3.5464632768687934,0.11509896413805265,0.10675492856561142,0.1236904178288,1.027494485058077,7.192234460380312,1.682086636060572,0.8529464817382723,0.9701234820719562,0.29531862630353317
contact_friction,dinowm,original,available,1,256,49.4140625,1.019040598370018,76.66666666666667,1.0151376452219891,1.011992075845309,1.0186035442156156,6.108546176696669,5.09340853147468,-0.020077285663866462,-0.025286002320894375,-0.015121164308472145,2.876451206963667,8.380296365812484,1.950009029260725,1.0156322135272828,1.0163851338434529,0.3325600947172102
contact_friction,dinowm,scratch,available,1,256,81.8359375,0.6836245765601625,75.66666666666667,0.9633727329224657,0.9522868428735254,0.9751488172330175,3.672981815473312,2.7096090825508465,0.28053058159315647,0.25100654414566764,0.31209196492986585,1.5091627614734984,5.227764053750516,1.6575973474014054,0.9049957797891292,0.9936860769684209,0.3713160874097443
contact_friction,dinowm,frozen,not_available,,,,,,,,,,,,,,,,,,,
motion_damping,lewm,original,available,3,256,49.934895833333336,0.9954697806333334,82.22222222223333,0.9996501014163416,0.9981850469731315,1.0012625016521106,5.307758383438917,4.308108282022574,0.006717903049676011,0.0034125817983344576,0.00990800754979635,1.0436704209044165,8.26032084103811,1.060375478631566,1.1346915046578594,0.9976695239103721,0.22715607318610329
motion_damping,lewm,scratch,available,1,256,49.8046875,1.0022150340220666,78.0,1.0000134512381549,0.9999502371856704,1.000062500412681,291.61401884832355,290.6140053970854,1.2577720212902932e-05,-8.9541097672452e-05,0.00014825176098725025,254.09235674807562,308.3677314331892,71.73210897872572,1.0000142220272568,0.9999988169668431,0.6063829489374079
motion_damping,lewm,joint,available,1,256,49.8046875,1.0007960646271898,88.33333333333333,1.0000138922479689,0.9999891083779545,1.0000383824764223,95.78716147812173,94.78714758587375,-1.967478434039549e-05,-6.616172474700477e-05,2.6729323801077955e-05,55.83883272868072,113.29957018754662,14.418573310152661,1.0004843034991309,1.00001383771243,0.40059448435151807
motion_damping,lewm,frozen,available,1,256,51.953125,0.9965971458636914,84.33333333333333,1.0056752292280173,1.0026447033606458,1.0093537042608216,8.202162632173083,7.196487402945066,-0.0014310560564236852,-0.0070296257844218776,0.003478455201309207,2.704317027800337,11.50981802461066,1.503313839309472,1.0653113786826913,1.0042715650729321,0.25737726847028913
motion_damping,pldm,original,available,3,256,50.260416666666664,0.9570458767666666,75.66666666666667,0.9956562450589855,0.9946895750392203,0.9966583654841109,5.973271444290636,4.97761519923165,0.011098919810239435,0.009126312894657863,0.013240943459486143,1.7506158260724465,8.524434058232798,1.9055447898397773,0.9858214208480041,0.9974640720265365,0.33570282234183474
motion_damping,pldm,scratch,available,1,256,58.3984375,1.5209010142903123,61.0,1.0163659816492405,1.0101510443089072,1.0243936180040265,25.423955849451737,24.407589867802496,0.007078774026140877,-0.00026230943993912345,0.01503578249823976,11.429609151359124,32.647051015489446,9.386723477720487,1.051170612861338,1.024149676994962,0.8646782717076499
motion_damping,pldm,joint,available,1,256,77.5390625,0.2205747598780233,70.0,0.9866759821265554,0.9851895529268319,0.9881646749306116,8.246623935198475,7.259947953071917,0.043293901197708706,0.03918169711475521,0.047111406922498135,8.299817956306194,8.471984803340836,3.0641580130126442,0.9987565923380861,0.9991718773024236,0.7065744559822408
motion_damping,pldm,frozen,available,1,256,56.0546875,0.8822062797988233,78.33333333333333,1.0012850236174242,0.9992186999009507,1.0034912823360385,5.553112083832351,4.551827060214927,0.003087416569582224,-0.0010044496308075023,0.007041186822400536,1.8984188989662387,7.455552941719784,1.4855220810117542,1.0516849536088335,0.9998081285925475,0.29078631062239996
motion_damping,dinowm,original,available,1,256,50.0,1.0011376427050676,76.66666666666667,1.0010672847726043,1.0005195320095905,1.001677316621286,8.465206301407338,7.464139016634733,0.0018812936251535461,0.0007145062932742974,0.0031701824697309535,4.050394195367469,11.31382335194186,2.824475437852392,1.0029582686644838,1.0013667271616402,0.5094013757429348
motion_damping,dinowm,scratch,available,1,256,57.421875,1.0207279740379738,76.66666666666667,1.0632083712769709,1.0559351845789962,1.0709350790938397,7.273458869976816,6.210250498699845,0.004760033549907838,-0.000612318791686528,0.009988882132244805,3.7449623869419066,9.234968995029037,2.01390220043224,1.1982834631047037,1.0610348600760406,0.46674964822752624
motion_damping,dinowm,frozen,available,1,256,57.6171875,1.0828955658588284,76.0,1.0199752214084614,1.0147478284114584,1.025427203449294,6.927020725428732,5.907045504020269,0.015602227444782457,0.010394453777517043,0.020041435019032886,3.455565447118381,8.946014174968973,1.9319524604939882,1.0875355368344624,1.0187899563190936,0.44857078654880356
cube_gripper_carry,lewm,original,available,3,256,51.953125,0.9110566596999999,65.44444444446667,0.9612618089852383,0.9585778276268194,0.9637392187945397,11.678294744489747,10.71703293550451,0.08110419766522033,0.07531652044946649,0.08700229696899439,2.461200523275797,23.089214795958565,2.940829214952269,0.9283911407942246,0.9697787141807939,0.1289607455859442
cube_gripper_carry,lewm,scratch,available,1,256,50.0,1.0005768570854305,61.333333333333336,0.9999316209590227,0.9998550400786165,1.0000025796164203,198.4716238744513,197.47169225349228,0.00015124237492614157,-4.8888850187722674e-06,0.000306202893390406,27.90857332615987,428.53647752562324,46.74855443219673,1.0001611966257826,0.9999140104620914,0.23995790457721491
cube_gripper_carry,lewm,joint,available,1,256,50.0,0.9978168502146609,71.0,0.9997806781495867,0.9996636750310425,0.9998954116627737,13.085113408596879,12.085332730447293,0.00045566018674314535,0.0002334465996796542,0.0007106139694353697,1.9404468929153198,28.418948779215114,3.011198931565403,0.9990149206446977,0.9998508130423789,0.18599521903633584
cube_gripper_carry,lewm,frozen,available,1,256,70.703125,0.32041324752359873,67.0,0.9021893147500021,0.8936800920552141,0.9099178719934838,11.937007781728793,11.034818466978791,0.24382047848919974,0.22232355303520696,0.26631999791429145,1.365405614240021,25.86671690222918,4.131137611481617,0.6529260070768653,0.9315574655529439,0.13870926652369708
cube_gripper_carry,pldm,original,available,3,256,50.651041666666664,0.9234164643000001,53.44444444446666,0.9827068143067419,0.9645227792228794,1.000294649507357,15.349771292096838,14.367064477790095,0.04119935472826697,0.0029971009258609634,0.08211258856478018,4.446773086725232,28.122473942758848,5.337692871794473,0.9390886771547348,0.9891913745029169,0.45723445940845525
cube_gripper_carry,pldm,scratch,available,1,256,50.0,0.9853853401678618,55.0,1.0023866159608064,1.0005474975326858,1.0044568879752496,147.59074292167318,146.58835630571238,-0.004122918232127404,-0.0083422696013578,-0.00038039287438778035,23.608969805043163,295.83659583693645,41.15263758772504,0.9919325103999803,1.001637803006821,0.4960490835742138
cube_gripper_carry,pldm,joint,available,1,256,50.0,0.9848381368864054,56.66666666666667,0.9987877135514105,0.9981169713950296,0.9993406933200281,26.5528930837684,25.55410537021699,0.0026591436670706514,0.001396321225469599,0.004074203984371484,5.130048714859184,52.093591694304415,6.979978362161122,0.9884051616270294,0.999969616899377,0.378190320660751
cube_gripper_carry,pldm,frozen,available,1,256,52.1484375,0.594263241825024,56.66666666666667,0.9823773984298166,0.9269774153779047,1.0390631683023415,29.969161776047574,28.98678437761776,0.12718189707443983,0.04567811896972671,0.22819850265180214,6.204227409735103,55.935599962252866,8.803540179281832,0.7833475557947737,0.9983898483325653,0.4781615866464655
cube_gripper_carry,dinowm,original,available,1,256,49.8046875,1.0006928068508152,72.66666666666667,1.0019092326004357,1.0013442869924383,1.0025220972119486,42.85668715366756,41.854777921067125,-0.0017433608741654893,-0.0029013111732760777,-0.000627118106021207,25.5968438602305,53.83657996018857,27.16727633595398,1.00091906690265,1.0016884941179025,0.7290494805821982
cube_gripper_carry,dinowm,scratch,available,1,256,61.328125,0.8902029182754686,71.66666666666667,0.9553292822205183,0.9511738097867667,0.9592400563871586,11.788928335741108,10.833599053520588,0.12791048970199803,0.11539056139604846,0.14044278468614488,7.157524575497707,15.896043070526977,7.852991875485476,0.9102041599086461,0.9719812591698249,0.5445849342575778
cube_gripper_carry,dinowm,frozen,available,1,256,62.3046875,0.8740466129893176,73.66666666666667,0.950587607804777,0.946605303787532,0.9542813546978233,11.74669777441823,10.796110166613452,0.14597847180801082,0.13447377126192275,0.15791457115940474,7.085116780444869,15.966381198544378,8.20399931678762,0.8958653952863561,0.9705328228419272,0.5768965781757502
door,lewm,original,available,3,300,50.0,0.9965834951,92.44444444443333,0.9965697111685898,0.9960640124780955,0.997099239777907,4.675885941163636,3.6793162299950466,0.012927677110024849,0.011591508729644096,0.014333528873412238,3.8051587267742257,4.98766137075677,1.9428922051396267,0.9959993551129069,0.9972993911075431,0.3376255806118218
door,lewm,scratch,available,3,300,100.0,0.04450928146666667,95.1111111111,0.7611047011205848,0.7567364218397791,0.765616166025074,2.9812830638206527,2.220178362700068,1.2516097728027595,1.2265906287425425,1.2762967065773767,1.1132894216400675,3.9617582900528805,0.8349401052000051,0.08112251141144598,0.9073855661300952,0.18585119530685587
door,lewm,joint,available,1,300,100.0,0.046563839034534676,97.66666666666667,0.667185869669968,0.6565746932331604,0.6787063809256371,2.426604212845888,1.75941834317592,1.3738961391699958,1.3328142895218393,1.4161500555940554,0.7644858215398377,3.3388868860539067,0.5611474819750707,0.07010685782142259,0.8236319205557787,0.13478386372914408
door,lewm,frozen,available,1,300,100.0,0.036101787748611246,94.0,0.8154000080459127,0.8022017581767815,0.8294370105133964,2.4416132325826956,1.6262132245367835,1.153140959371008,1.1078508844923993,1.198967036723201,0.6211505823067812,3.2441896050715755,0.8171511613902165,0.0627604383634868,1.026181066057973,0.32445729174716553
door,pldm,original,available,3,300,50.0,0.997000746,90.55555555556667,1.0024500009346395,1.0013656192969205,1.0035900222614473,7.519783005278097,6.517333004343459,0.003315006238057213,0.0011778680531176146,0.005780978216871602,6.186192522100737,8.157674416272902,4.564810844581671,0.9967994958879371,1.0069877427244325,0.6204816062133985
door,pldm,scratch,available,3,300,100.0,0.0210852468,95.7777777778,0.7736176431182779,0.765558650625793,0.7821296966673429,2.4035781672456147,1.629960524127337,2.0344863777831557,2.0024645645950994,2.06412274120698,1.0220868445578415,2.954099532675032,0.7189160598909514,0.058811484557890314,1.0265883568461565,0.26256276630683173
door,pldm,joint,available,1,300,100.0,0.027027252797937423,99.33333333333333,0.7754397730527691,0.7649257653481135,0.7857114170207321,2.3486867981529076,1.5732470251001383,1.1439184055976455,1.110452892396415,1.17864298256846,0.6066396222767781,2.912159778023456,0.6946938944350028,0.0543919257654033,0.956329962482762,0.26348943550680237
door,pldm,frozen,available,1,300,100.0,0.04935155070717708,98.66666666666667,0.8381487567991021,0.8287375582983687,0.8476314064469018,2.455142132478817,1.6169933756797148,1.0691552153375494,1.0343079799115231,1.1045327240609217,0.6655518796976578,3.2540261017460237,0.7796246907205733,0.08054611998703914,1.0119578128807192,0.2791148925686534
door,dinowm,original,available,1,300,50.16666666666667,0.9860253368241955,100.0,0.9874826027755084,0.9851093576384424,0.9895115950406196,4.233169319031464,3.245686716255956,0.03389877617173642,0.028408057521332596,0.03941384502138481,3.3328715731450327,4.697499577113553,1.93332125917505,0.9888314424160228,0.9886165111526003,0.4273151650806528
door,dinowm,scratch,available,3,300,100.0,0.22304099316666667,97.55555555556667,0.48799812128862313,0.4797976735650081,0.4967329894462273,1.3287741095929195,0.8407759883042963,2.2845463597980866,2.2550304469906752,2.313697221538789,0.6169390858489665,1.6824787208724696,0.4127599626516009,0.3819391427297749,0.5124401904503476,0.10654029135956261
door,dinowm,frozen,not_available,,,,,,,,,,,,,,,,,,,
portal_exit,lewm,original,available,3,256,50.0,0.9903276429,92.44444444443333,0.9922575837591175,0.9901096402379861,0.9940505109775918,822.2539425047631,821.2616849210041,0.018535370212741025,0.01475513522357801,0.023562983831482143,725.7153264511786,866.3742765386411,714.4527658012638,0.9903386669405524,0.9953940612958436,0.6716434705899023
portal_exit,lewm,scratch,available,1,256,51.953125,0.917812608817007,98.33333333333333,0.9538987293098256,0.944648310843648,0.9618720040747323,58.551517478058656,57.597618748748836,0.10851330188064878,0.08864010801804198,0.12926283417504472,18.150835642599823,101.16329108133367,18.80856416439956,0.9181083813815264,0.9607031736479881,0.044202082737610525
portal_exit,lewm,joint,available,1,256,50.1953125,0.9186074392996606,95.66666666666667,0.9845105557441718,0.9777362826758778,0.9896883406303584,61.53757578803883,60.553065232294664,0.0384827920285673,0.026887084090602188,0.0543281737831471,20.091985575010604,103.8818177842005,22.536149363641115,0.9190007594087126,0.9906828886619521,0.16149299043376747
portal_exit,lewm,frozen,available,1,256,76.5625,0.25341818122133775,89.33333333333333,0.8907662965821871,0.8651694611151117,0.9112892460433237,13.28576879713016,12.395002500547971,0.521662320584511,0.4130048004544499,0.664088482538198,3.455562048042621,16.8694309478297,6.850159349299505,0.3237474844175546,0.987349439868188,0.35214027845142915
portal_exit,pldm,original,available,3,256,50.065104166666664,0.9956003498333333,90.55555555556667,1.0008496428894065,0.9995936759232977,1.0019702206988772,1056.9755543414526,1055.9747046985633,0.0038596386924230805,0.0020602425563993167,0.006080022492531612,993.8451499568924,1085.2424488450586,985.3616116366935,0.9956171054809094,1.0084602188524259,0.8706226085024333
portal_exit,pldm,scratch,available,1,256,73.6328125,0.12133774644529005,97.0,0.967856536483564,0.9605619717308334,0.9755363713300319,37.55645393416432,36.58859739768075,0.12957768011129644,0.10447626629816771,0.15539892026618782,6.423503940633467,83.20109213762606,15.052412135976278,0.20890881942278713,1.0044617488567877,0.23739126566737015
portal_exit,pldm,joint,available,1,256,53.90625,0.6938815457306811,98.66666666666667,0.9988436407083316,0.9982179828145156,0.9993939963277451,21.880957393790208,20.882113753081878,0.0031327725817824614,0.0019397889850329086,0.004622604570906397,5.998994783368081,23.70096394145515,24.835900392269572,0.7018511619452381,1.0001748775748343,1.1112809088157811
portal_exit,pldm,frozen,available,1,256,92.578125,0.20330294891342945,98.66666666666667,0.8875514924799265,0.8664070791890671,0.9047473091185112,10.484803591926095,9.597252099446168,0.7137271012553583,0.6015770785825671,0.8595545405339156,2.8339535684565638,14.01064001283656,4.86706508744847,0.29278956288059493,1.0440882001969876,0.3776683371551837
portal_exit,dinowm,original,available,1,256,51.3671875,0.994698383786054,100.0,1.0247513848662348,1.0179579145806636,1.0322299056406183,41.99083429467532,40.96608290980908,0.03337893024816907,0.029286577593370743,0.03768579478020211,35.08606533938311,45.142186399015415,30.49355411304523,0.9974909538400242,1.0523606886428247,0.9055724915238434
portal_exit,dinowm,scratch,available,1,256,100.0,0.1425351834277126,100.0,1.00720985099469,1.0022491210852664,1.0118905422287778,8.091969461585952,7.084759610591262,1.1908428514225466,1.1771389043330283,1.2050254661383082,2.469142256595003,10.225488385034144,5.790829036241572,0.24096040601186988,1.2446522206284907,0.6169838663450588
portal_exit,dinowm,frozen,not_available,,,,,,,,,,,,,,,,,,,
