task,family,regime,model_id,checkpoint_sha256,scene_count,source_cluster_count,comparison_scheme,subset,latent_tie_fraction_over_physical_strict_percent,latent_tie_fraction_over_physical_strict_ci95_low,latent_tie_fraction_over_physical_strict_ci95_high,latent_tie_fraction_over_physical_strict_eligible_scenes,reversal_over_both_strict_percent,reversal_over_both_strict_ci95_low,reversal_over_both_strict_ci95_high,reversal_over_both_strict_eligible_scenes,reversal_over_physical_strict_percent,reversal_over_physical_strict_ci95_low,reversal_over_physical_strict_ci95_high,reversal_over_physical_strict_eligible_scenes,both_strict_count,comparison_count,concordant_count,latent_tie_among_physical_strict_count,physical_strict_count,physical_tie_count,reversed_count
action_strength,lewm,original,action_strength/lewm/original/s3072,52c08acf889e39fb03326b6877b5217a25b92aec6c57f6c77a0d38d4352b6b79,256,243,all_other_trajectories,all,0.14623900305071325,0.08007473749357702,0.2318616522395015,256,9.0084255705765,8.36504897719518,9.687584865513758,256,8.97670003760128,8.343738332245257,9.642992908342901,256,1175896,1182720,1070186,1722,1177618,5102,105710
action_strength,lewm,original,action_strength/lewm/original/s3072,52c08acf889e39fb03326b6877b5217a25b92aec6c57f6c77a0d38d4352b6b79,256,243,all_other_trajectories,rms_factor_two_and_one_unit,0.022390349809298528,0.006490196908629088,0.04510782043540632,256,2.2089444050076965,1.7673165306824123,2.698940115354988,256,2.205625622561348,1.7653925184228498,2.6924673704674973,256,572393,572523,559660,130,572523,0,12733
action_strength,lewm,original,action_strength/lewm/original/s3072,52c08acf889e39fb03326b6877b5217a25b92aec6c57f6c77a0d38d4352b6b79,256,243,same_condition_other_actions,all,0.29841401813023866,0.16043025994520568,0.47765612952404496,256,7.968978564730957,7.3997676837203725,8.558156940793,256,7.912073191091197,7.361148999690037,8.483124056063879,256,252665,253440,232615,756,253421,19,20050
action_strength,lewm,original,action_strength/lewm/original/s3072,52c08acf889e39fb03326b6877b5217a25b92aec6c57f6c77a0d38d4352b6b79,256,243,same_condition_other_actions,rms_factor_two_and_one_unit,0.06216116695809122,0.022881170755452457,0.11645040506626653,256,1.9621805188514991,1.5746465054164709,2.375881061091191,256,1.95470678419953,1.5717891374460642,2.3633769899146393,256,117710,117784,115402,74,117784,0,2308
action_strength,lewm,original,action_strength/lewm/original/s3072,52c08acf889e39fb03326b6877b5217a25b92aec6c57f6c77a0d38d4352b6b79,256,243,task_relevant_geometry_all_other,all,0.14907302511112186,0.08310751086815621,0.2345128683651556,256,9.674295294677105,9.048962202201269,10.33060654838808,256,9.64186070878163,9.024015918075541,10.284890777101328,256,1171273,1182720,1058163,1750,1173023,9697,113110
action_strength,lewm,original,action_strength/lewm/original/s3072,52c08acf889e39fb03326b6877b5217a25b92aec6c57f6c77a0d38d4352b6b79,256,243,task_relevant_geometry_all_other,rms_factor_two_and_one_unit,0.02217429649904736,0.006363189592385502,0.04475188453681382,256,2.7274826726100305,2.281477195962735,3.2169674504878834,256,2.7241341133876418,2.2800926515131685,3.212428840355723,256,587452,587582,571446,130,587582,0,16006
action_strength,lewm,scratch,action_strength/lewm/scratch/s3072,aa296d32cdd20bf817545f7feb027f4bdc5cd87ee99547bb990c433e8915bed1,256,243,all_other_trajectories,all,0.14623900305071325,0.08007473749357702,0.2318616522395015,256,18.933933085310944,18.03555303947563,19.805780973885184,256,18.88773878690871,18.001036259712258,19.74600688405558,256,1175896,1182720,953473,1722,1177618,5102,222423
action_strength,lewm,scratch,action_strength/lewm/scratch/s3072,aa296d32cdd20bf817545f7feb027f4bdc5cd87ee99547bb990c433e8915bed1,256,243,all_other_trajectories,rms_factor_two_and_one_unit,0.022390349809298528,0.006490196908629088,0.04510782043540632,256,11.767969166093033,10.928715363433074,12.620028149803833,256,11.761942544904997,10.925180147137112,12.609557530823118,256,572393,572523,504864,130,572523,0,67529
action_strength,lewm,scratch,action_strength/lewm/scratch/s3072,aa296d32cdd20bf817545f7feb027f4bdc5cd87ee99547bb990c433e8915bed1,256,243,same_condition_other_actions,all,0.29841401813023866,0.16043025994520568,0.47765612952404496,256,17.689774837147546,16.960707859551945,18.41809168217415,256,17.607771720678166,16.897403642402626,18.31788927873792,256,252665,253440,208045,756,253421,19,44620
action_strength,lewm,scratch,action_strength/lewm/scratch/s3072,aa296d32cdd20bf817545f7feb027f4bdc5cd87ee99547bb990c433e8915bed1,256,243,same_condition_other_actions,rms_factor_two_and_one_unit,0.06216116695809122,0.022881170755452457,0.11645040506626653,256,10.547653764351372,9.908782717107698,11.192371453565213,256,10.535198345878683,9.900180441439623,11.183532275773533,256,117710,117784,105293,74,117784,0,12417
action_strength,lewm,scratch,action_strength/lewm/scratch/s3072,aa296d32cdd20bf817545f7feb027f4bdc5cd87ee99547bb990c433e8915bed1,256,243,task_relevant_geometry_all_other,all,0.14907302511112186,0.08310751086815621,0.2345128683651556,256,19.836350043065888,18.967911211273908,20.690654639533037,256,19.78911914103192,18.93453740718875,20.638543107556735,256,1171273,1182720,939133,1750,1173023,9697,232140
action_strength,lewm,scratch,action_strength/lewm/scratch/s3072,aa296d32cdd20bf817545f7feb027f4bdc5cd87ee99547bb990c433e8915bed1,256,243,task_relevant_geometry_all_other,rms_factor_two_and_one_unit,0.02217429649904736,0.006363189592385502,0.04475188453681382,256,13.791138441542836,12.98276489807391,14.619190764615897,256,13.785034983257535,12.97929031698381,14.611934203519908,256,587452,587582,506452,130,587582,0,81000
action_strength,lewm,joint,action_strength/lewm/joint/s3072,e7c8fcb342c330beca0f7c7aff6582145a2039dd97797785651e7b63e9dd2ce2,256,243,all_other_trajectories,all,0.14623900305071325,0.08007473749357702,0.2318616522395015,256,11.92674310096858,11.407862355330177,12.489532710038791,256,11.896491311840256,11.384500377705898,12.446288363603927,256,1175896,1182720,1035801,1722,1177618,5102,140095
action_strength,lewm,joint,action_strength/lewm/joint/s3072,e7c8fcb342c330beca0f7c7aff6582145a2039dd97797785651e7b63e9dd2ce2,256,243,all_other_trajectories,rms_factor_two_and_one_unit,0.022390349809298528,0.006490196908629088,0.04510782043540632,256,5.185285452754432,4.759633474581114,5.647444690620019,256,5.182123600024474,4.757029279258939,5.642421221534236,256,572393,572523,542693,130,572523,0,29700
action_strength,lewm,joint,action_strength/lewm/joint/s3072,e7c8fcb342c330beca0f7c7aff6582145a2039dd97797785651e7b63e9dd2ce2,256,243,same_condition_other_actions,all,0.29841401813023866,0.16043025994520568,0.47765612952404496,256,11.11906792273534,10.668041847676484,11.609891195802872,256,11.066590150674205,10.631290631556887,11.535801863123954,256,252665,253440,224620,756,253421,19,28045
action_strength,lewm,joint,action_strength/lewm/joint/s3072,e7c8fcb342c330beca0f7c7aff6582145a2039dd97797785651e7b63e9dd2ce2,256,243,same_condition_other_actions,rms_factor_two_and_one_unit,0.06216116695809122,0.022881170755452457,0.11645040506626653,256,4.622064584970556,4.265999446890204,5.0127689852830155,256,4.6154457350659674,4.260583776598763,5.005008217310897,256,117710,117784,112274,74,117784,0,5436
action_strength,lewm,joint,action_strength/lewm/joint/s3072,e7c8fcb342c330beca0f7c7aff6582145a2039dd97797785651e7b63e9dd2ce2,256,243,task_relevant_geometry_all_other,all,0.14907302511112186,0.08310751086815621,0.2345128683651556,256,12.878975925022775,12.363185254848945,13.428797926415822,256,12.847918295180294,12.339007346522985,13.391313443941932,256,1171273,1182720,1020558,1750,1173023,9697,150715
action_strength,lewm,joint,action_strength/lewm/joint/s3072,e7c8fcb342c330beca0f7c7aff6582145a2039dd97797785651e7b63e9dd2ce2,256,243,task_relevant_geometry_all_other,rms_factor_two_and_one_unit,0.02217429649904736,0.006363189592385502,0.04475188453681382,256,6.860143159078357,6.417284765505156,7.345617769425236,256,6.8569460006079135,6.415099950903411,7.341978743686939,256,587452,587582,547163,130,587582,0,40289
action_strength,lewm,frozen,action_strength/lewm/frozen/s3072,0097aa2e5c352e957cb17382c7518a49c8a266f42a8dc1384d41934a5515d225,256,243,all_other_trajectories,all,0.14623900305071325,0.08007473749357702,0.2318616522395015,256,12.71658744085758,12.11031963162958,13.371779615956427,256,12.683751795244508,12.089594524858551,13.324573728154196,256,1175896,1182720,1026531,1722,1177618,5102,149365
action_strength,lewm,frozen,action_strength/lewm/frozen/s3072,0097aa2e5c352e957cb17382c7518a49c8a266f42a8dc1384d41934a5515d225,256,243,all_other_trajectories,rms_factor_two_and_one_unit,0.022390349809298528,0.006490196908629088,0.04510782043540632,256,4.695718183061366,4.209695358828361,5.22794259442237,256,4.692218107200243,4.207767386996415,5.222723691777833,256,572393,572523,545437,130,572523,0,26956
action_strength,lewm,frozen,action_strength/lewm/frozen/s3072,0097aa2e5c352e957cb17382c7518a49c8a266f42a8dc1384d41934a5515d225,256,243,same_condition_other_actions,all,0.29841401813023866,0.16043025994520568,0.47765612952404496,256,11.024660642176448,10.501846077591207,11.576045670443959,256,10.96576330683479,10.460534361632986,11.49800935024141,256,252665,253440,224876,756,253421,19,27789
action_strength,lewm,frozen,action_strength/lewm/frozen/s3072,0097aa2e5c352e957cb17382c7518a49c8a266f42a8dc1384d41934a5515d225,256,243,same_condition_other_actions,rms_factor_two_and_one_unit,0.06216116695809122,0.022881170755452457,0.11645040506626653,256,3.80651816657926,3.396234190172229,4.242330870352883,256,3.7987431398956204,3.3921049333709465,4.232245707458282,256,117710,117784,113229,74,117784,0,4481
action_strength,lewm,frozen,action_strength/lewm/frozen/s3072,0097aa2e5c352e957cb17382c7518a49c8a266f42a8dc1384d41934a5515d225,256,243,task_relevant_geometry_all_other,all,0.14907302511112186,0.08310751086815621,0.2345128683651556,256,13.670837270922407,13.090621148165463,14.303700013363486,256,13.637151546439624,13.06258060736028,14.263861767149328,256,1171273,1182720,1011301,1750,1173023,9697,159972
action_strength,lewm,frozen,action_strength/lewm/frozen/s3072,0097aa2e5c352e957cb17382c7518a49c8a266f42a8dc1384d41934a5515d225,256,243,task_relevant_geometry_all_other,rms_factor_two_and_one_unit,0.02217429649904736,0.006363189592385502,0.04475188453681382,256,6.199636703751158,5.718765200937534,6.731880094308212,256,6.1960886486773,5.717277496523143,6.726860909530416,256,587452,587582,551045,130,587582,0,36407
action_strength,pldm,original,action_strength/pldm/original/s3072,913e02728f6638409dc3931069caf34815a8ad0618bb40f690cb4a59a6bdc8ad,256,243,all_other_trajectories,all,0.14623900305071325,0.08007473749357702,0.2318616522395015,256,12.257285286467958,11.607223807342894,12.915572037813575,256,12.224060637011174,11.59065431923051,12.868082655941171,256,1175896,1182720,1031944,1722,1177618,5102,143952
action_strength,pldm,original,action_strength/pldm/original/s3072,913e02728f6638409dc3931069caf34815a8ad0618bb40f690cb4a59a6bdc8ad,256,243,all_other_trajectories,rms_factor_two_and_one_unit,0.022390349809298528,0.006490196908629088,0.04510782043540632,256,3.3822863733305923,2.9177831863506016,3.8872088776689857,256,3.3788077386029167,2.9156208148393996,3.881963394725032,256,572393,572523,552924,130,572523,0,19469
action_strength,pldm,original,action_strength/pldm/original/s3072,913e02728f6638409dc3931069caf34815a8ad0618bb40f690cb4a59a6bdc8ad,256,243,same_condition_other_actions,all,0.29841401813023866,0.16043025994520568,0.47765612952404496,256,11.523911250227233,10.966217146695932,12.102639261733092,256,11.464490690438492,10.91353675786843,12.026728380526603,256,252665,253440,223612,756,253421,19,29053
action_strength,pldm,original,action_strength/pldm/original/s3072,913e02728f6638409dc3931069caf34815a8ad0618bb40f690cb4a59a6bdc8ad,256,243,same_condition_other_actions,rms_factor_two_and_one_unit,0.06216116695809122,0.022881170755452457,0.11645040506626653,256,3.487389492799369,3.047473814621806,3.9485834375132525,256,3.4794163205043875,3.042418836403675,3.934394637533363,256,117710,117784,113600,74,117784,0,4110
action_strength,pldm,original,action_strength/pldm/original/s3072,913e02728f6638409dc3931069caf34815a8ad0618bb40f690cb4a59a6bdc8ad,256,243,task_relevant_geometry_all_other,all,0.14907302511112186,0.08310751086815621,0.2345128683651556,256,12.373045187164507,11.735268129976832,13.033227782892823,256,12.339258785845383,11.709038353253392,12.98986910760532,256,1171273,1182720,1026526,1750,1173023,9697,144747
action_strength,pldm,original,action_strength/pldm/original/s3072,913e02728f6638409dc3931069caf34815a8ad0618bb40f690cb4a59a6bdc8ad,256,243,task_relevant_geometry_all_other,rms_factor_two_and_one_unit,0.02217429649904736,0.006363189592385502,0.04475188453681382,256,3.5346508401158423,3.059950614409099,4.044050161556173,256,3.5311720813561855,3.057508150997501,4.036533064789773,256,587452,587582,566702,130,587582,0,20750
action_strength,pldm,scratch,action_strength/pldm/scratch/s3072,b3e4cb257ae822501909e6ab99fe0919f35e60ee50eff08b6075cbb22f476594,256,243,all_other_trajectories,all,0.146408840007235,0.08030322881945282,0.231935180316123,256,31.018321384489912,30.171782983972395,31.847810589934095,256,30.959772652643714,30.132288634975506,31.777356049228032,256,1175894,1182720,811308,1724,1177618,5102,364586
action_strength,pldm,scratch,action_strength/pldm/scratch/s3072,b3e4cb257ae822501909e6ab99fe0919f35e60ee50eff08b6075cbb22f476594,256,243,all_other_trajectories,rms_factor_two_and_one_unit,0.022390349809298528,0.006490196908629088,0.04510782043540632,256,21.094501058583845,20.151648847929522,22.025206607471553,256,21.087002111326292,20.14808342756984,22.017760565102034,256,572393,572523,451443,130,572523,0,120950
action_strength,pldm,scratch,action_strength/pldm/scratch/s3072,b3e4cb257ae822501909e6ab99fe0919f35e60ee50eff08b6075cbb22f476594,256,243,same_condition_other_actions,all,0.29841401813023866,0.16043025994520568,0.47765612952404496,256,29.595349530920124,28.795957281032308,30.372495415970974,256,29.48182906313315,28.71157476052898,30.241410823847442,256,252665,253440,177953,756,253421,19,74712
action_strength,pldm,scratch,action_strength/pldm/scratch/s3072,b3e4cb257ae822501909e6ab99fe0919f35e60ee50eff08b6075cbb22f476594,256,243,same_condition_other_actions,rms_factor_two_and_one_unit,0.06216116695809122,0.022881170755452457,0.11645040506626653,256,19.022609756991244,18.131300683533073,19.90807263756109,256,19.004021978849238,18.11881022234435,19.87629941587135,256,117710,117784,95319,74,117784,0,22391
action_strength,pldm,scratch,action_strength/pldm/scratch/s3072,b3e4cb257ae822501909e6ab99fe0919f35e60ee50eff08b6075cbb22f476594,256,243,task_relevant_geometry_all_other,all,0.149243269173009,0.08328136516404054,0.23462743725596508,256,30.900621683336006,30.035306441926267,31.759214225828856,256,30.840991761352488,29.98987670761668,31.691453727285197,256,1171271,1182720,809497,1752,1173023,9697,361774
action_strength,pldm,scratch,action_strength/pldm/scratch/s3072,b3e4cb257ae822501909e6ab99fe0919f35e60ee50eff08b6075cbb22f476594,256,243,task_relevant_geometry_all_other,rms_factor_two_and_one_unit,0.02217429649904736,0.006363189592385502,0.04475188453681382,256,20.898751264809825,19.92752507306439,21.876111991224743,256,20.891282710091268,19.919739185614276,21.869639859626012,256,587452,587582,464695,130,587582,0,122757
action_strength,pldm,joint,action_strength/pldm/joint/s3072,c381ba772729826b05769210d2c404ba25c1c6515e9344b33648fc80d8b68526,256,243,all_other_trajectories,all,0.14632390307244764,0.08021794364253071,0.2319890137171559,256,26.4612126612772,25.746125023575605,27.14904910806124,256,26.41994287153611,25.705665742179317,27.109425727982796,256,1175895,1182720,864769,1723,1177618,5102,311126
action_strength,pldm,joint,action_strength/pldm/joint/s3072,c381ba772729826b05769210d2c404ba25c1c6515e9344b33648fc80d8b68526,256,243,all_other_trajectories,rms_factor_two_and_one_unit,0.022390349809298528,0.006490196908629088,0.04510782043540632,256,16.474871227368237,15.72631134147498,17.209053543766785,256,16.470921564185943,15.724111091894915,17.20593197371728,256,572393,572523,478108,130,572523,0,94285
action_strength,pldm,joint,action_strength/pldm/joint/s3072,c381ba772729826b05769210d2c404ba25c1c6515e9344b33648fc80d8b68526,256,243,same_condition_other_actions,all,0.29841401813023866,0.16043025994520568,0.47765612952404496,256,25.344601108878944,24.623970201925605,26.01957561122071,256,25.270042355091384,24.54472345547481,25.9465473905127,256,252665,253440,188625,756,253421,19,64040
action_strength,pldm,joint,action_strength/pldm/joint/s3072,c381ba772729826b05769210d2c404ba25c1c6515e9344b33648fc80d8b68526,256,243,same_condition_other_actions,rms_factor_two_and_one_unit,0.06216116695809122,0.022881170755452457,0.11645040506626653,256,14.193072288448263,13.526914304525128,14.836819124045256,256,14.184261640379592,13.515054443030921,14.830398625587144,256,117710,117784,101008,74,117784,0,16702
action_strength,pldm,joint,action_strength/pldm/joint/s3072,c381ba772729826b05769210d2c404ba25c1c6515e9344b33648fc80d8b68526,256,243,task_relevant_geometry_all_other,all,0.1491582399889578,0.08331931646784943,0.2347651987091033,256,26.53774578063158,25.807614683209962,27.223670330296194,256,26.49549783135842,25.773313724295676,27.177865034880917,256,1171272,1182720,860481,1751,1173023,9697,310791
action_strength,pldm,joint,action_strength/pldm/joint/s3072,c381ba772729826b05769210d2c404ba25c1c6515e9344b33648fc80d8b68526,256,243,task_relevant_geometry_all_other,rms_factor_two_and_one_unit,0.02217429649904736,0.006363189592385502,0.04475188453681382,256,16.564279743281443,15.824955496033041,17.294335429048648,256,16.560312788077745,15.819737977499058,17.290121422581166,256,587452,587582,490140,130,587582,0,97312
action_strength,pldm,frozen,action_strength/pldm/frozen/s3072,0d87bc00ac008d1467dd1a964de580c4fb68b616daff70fe35fab27d20089e8a,256,243,all_other_trajectories,all,0.14623900305071325,0.08007473749357702,0.2318616522395015,256,17.425167744195853,16.639130085880225,18.21801876912129,256,17.386639119472264,16.60883218345026,18.178994090238394,256,1175896,1182720,971148,1722,1177618,5102,204748
action_strength,pldm,frozen,action_strength/pldm/frozen/s3072,0d87bc00ac008d1467dd1a964de580c4fb68b616daff70fe35fab27d20089e8a,256,243,all_other_trajectories,rms_factor_two_and_one_unit,0.022390349809298528,0.006490196908629088,0.04510782043540632,256,7.040461927682711,6.402955070769127,7.7147558786035075,256,7.036306392819716,6.4001686218868,7.70824960452917,256,572393,572523,531984,130,572523,0,40409
action_strength,pldm,frozen,action_strength/pldm/frozen/s3072,0d87bc00ac008d1467dd1a964de580c4fb68b616daff70fe35fab27d20089e8a,256,243,same_condition_other_actions,all,0.29841401813023866,0.16043025994520568,0.47765612952404496,256,15.80406982548645,15.125739913742006,16.48534042498903,256,15.735841609609096,15.074016883539182,16.41129498397996,256,252665,253440,212787,756,253421,19,39878
action_strength,pldm,frozen,action_strength/pldm/frozen/s3072,0d87bc00ac008d1467dd1a964de580c4fb68b616daff70fe35fab27d20089e8a,256,243,same_condition_other_actions,rms_factor_two_and_one_unit,0.06216116695809122,0.022881170755452457,0.11645040506626653,256,6.306380041180567,5.769290478265244,6.87362746364662,256,6.297420742348349,5.764270864887147,6.861623746897225,256,117710,117784,110282,74,117784,0,7428
action_strength,pldm,frozen,action_strength/pldm/frozen/s3072,0d87bc00ac008d1467dd1a964de580c4fb68b616daff70fe35fab27d20089e8a,256,243,task_relevant_geometry_all_other,all,0.14907302511112186,0.08310751086815621,0.2345128683651556,256,17.823683646725208,17.032586290101857,18.642574310627985,256,17.784407259538327,16.998547934985247,18.594210121747395,256,1171273,1182720,962655,1750,1173023,9697,208618
action_strength,pldm,frozen,action_strength/pldm/frozen/s3072,0d87bc00ac008d1467dd1a964de580c4fb68b616daff70fe35fab27d20089e8a,256,243,task_relevant_geometry_all_other,rms_factor_two_and_one_unit,0.02217429649904736,0.006363189592385502,0.04475188453681382,256,7.911409635401544,7.245644011827329,8.616351970352243,256,7.907245763667478,7.242718031509508,8.60893733560926,256,587452,587582,540989,130,587582,0,46463
motion_damping,lewm,original,motion_damping/lewm/original/s3072,52c08acf889e39fb03326b6877b5217a25b92aec6c57f6c77a0d38d4352b6b79,256,128,all_other_trajectories,all,0.585149850414049,0.47353752557269335,0.7001757445025927,256,22.50446295724745,22.17733710134282,22.83145640251532,256,22.37316271203263,22.044330445568548,22.706919968691636,256,1175657,1182720,911078,6920,1182577,143,264579
motion_damping,lewm,original,motion_damping/lewm/original/s3072,52c08acf889e39fb03326b6877b5217a25b92aec6c57f6c77a0d38d4352b6b79,256,128,all_other_trajectories,rms_factor_two_and_one_unit,0.03523306147186946,0.023522859341488796,0.04949755760936563,256,11.27817418870743,10.973613770220235,11.58471124065166,256,11.274027583312318,10.969738217098609,11.580167707423536,256,506313,506497,449338,184,506497,0,56975
motion_damping,lewm,original,motion_damping/lewm/original/s3072,52c08acf889e39fb03326b6877b5217a25b92aec6c57f6c77a0d38d4352b6b79,256,128,same_condition_other_actions,all,1.2289517510288923,0.9945478889512414,1.4706087360446183,256,18.863951403840588,18.60287434524146,19.11797091382531,256,18.62566986293313,18.378461282076913,18.870451960170286,256,250259,253440,203067,3114,253373,67,47192
motion_damping,lewm,original,motion_damping/lewm/original/s3072,52c08acf889e39fb03326b6877b5217a25b92aec6c57f6c77a0d38d4352b6b79,256,128,same_condition_other_actions,rms_factor_two_and_one_unit,0.13183800443156993,0.09328568216444945,0.17422192714996976,256,8.204125785825983,7.918035375342293,8.487084967013695,256,8.191986175692909,7.907729301439407,8.473574713834099,256,111363,111511,102215,148,111511,0,9148
motion_damping,lewm,original,motion_damping/lewm/original/s3072,52c08acf889e39fb03326b6877b5217a25b92aec6c57f6c77a0d38d4352b6b79,256,128,task_relevant_geometry_all_other,all,0.0,0.0,0.0,256,16.42476582662721,15.938257792103341,16.9317485936882,256,16.42476582662721,15.938257792103341,16.9317485936882,256,1087320,1182720,908474,0,1087320,95400,178846
motion_damping,lewm,original,motion_damping/lewm/original/s3072,52c08acf889e39fb03326b6877b5217a25b92aec6c57f6c77a0d38d4352b6b79,256,128,task_relevant_geometry_all_other,rms_factor_two_and_one_unit,0.0,0.0,0.0,256,5.513750058740932,5.036878007168279,6.002955720358187,256,5.513750058740932,5.036878007168279,6.002955720358187,256,526190,526190,497488,0,526190,0,28702
motion_damping,lewm,scratch,motion_damping/lewm/scratch/s3072,d23cc3c543e708bb497d670040c7d24e402b29e019c1e6b1414e6ede4cb36c31,256,128,all_other_trajectories,all,0.5854880538772524,0.47387722775376634,0.7008339300008519,256,32.1206161805374,31.555582833997835,32.65199069238786,256,31.931284639843533,31.370860963944086,32.46137292007795,256,1175653,1182720,798042,6924,1182577,143,377611
motion_damping,lewm,scratch,motion_damping/lewm/scratch/s3072,d23cc3c543e708bb497d670040c7d24e402b29e019c1e6b1414e6ede4cb36c31,256,128,all_other_trajectories,rms_factor_two_and_one_unit,0.03523306147186946,0.023522859341488796,0.04949755760936563,256,20.380476705324234,19.69492500860777,21.056426503498564,256,20.372946941074545,19.68819004085626,21.04917804061792,256,506313,506497,403528,184,506497,0,102785
motion_damping,lewm,scratch,motion_damping/lewm/scratch/s3072,d23cc3c543e708bb497d670040c7d24e402b29e019c1e6b1414e6ede4cb36c31,256,128,same_condition_other_actions,all,1.2289517510288923,0.9945478889512414,1.4706087360446183,256,33.876014058255734,33.24632236906906,34.47515360990654,256,33.451283455263294,32.830326977271255,34.039328071935024,256,250259,253440,165503,3114,253373,67,84756
motion_damping,lewm,scratch,motion_damping/lewm/scratch/s3072,d23cc3c543e708bb497d670040c7d24e402b29e019c1e6b1414e6ede4cb36c31,256,128,same_condition_other_actions,rms_factor_two_and_one_unit,0.13183800443156993,0.09328568216444945,0.17422192714996976,256,23.317937088935786,22.568788323931965,24.041919277117735,256,23.284594066219757,22.537667323840154,24.005525033788402,256,111363,111511,85396,148,111511,0,25967
motion_damping,lewm,scratch,motion_damping/lewm/scratch/s3072,d23cc3c543e708bb497d670040c7d24e402b29e019c1e6b1414e6ede4cb36c31,256,128,task_relevant_geometry_all_other,all,0.0003720238095238095,0.0,0.0011160714285714285,256,41.44594619774872,40.941549649285605,41.95303436662297,256,41.44579955156642,40.94140666925786,41.95273740810381,256,1087316,1182720,636782,4,1087320,95400,450534
motion_damping,lewm,scratch,motion_damping/lewm/scratch/s3072,d23cc3c543e708bb497d670040c7d24e402b29e019c1e6b1414e6ede4cb36c31,256,128,task_relevant_geometry_all_other,rms_factor_two_and_one_unit,0.0,0.0,0.0,256,36.65503104990419,35.92481042235514,37.33162934362741,256,36.65503104990419,35.92481042235514,37.33162934362741,256,526190,526190,332089,0,526190,0,194101
motion_damping,lewm,joint,motion_damping/lewm/joint/s3072,1eb93478caf10675237e2d67940969f2a887704b5b9153298708688bb5c635d9,256,128,all_other_trajectories,all,0.585149850414049,0.47353752557269335,0.7001757445025927,256,25.1479692623769,24.784283121716648,25.533005910774847,256,25.00086055372193,24.636296477866733,25.38113192922586,256,1175657,1182720,880003,6920,1182577,143,295654
motion_damping,lewm,joint,motion_damping/lewm/joint/s3072,1eb93478caf10675237e2d67940969f2a887704b5b9153298708688bb5c635d9,256,128,all_other_trajectories,rms_factor_two_and_one_unit,0.03523306147186946,0.023522859341488796,0.04949755760936563,256,12.606815345952102,12.17986239934206,13.036563096600831,256,12.602229817379401,12.175657376483283,13.031793409037556,256,506313,506497,442679,184,506497,0,63634
motion_damping,lewm,joint,motion_damping/lewm/joint/s3072,1eb93478caf10675237e2d67940969f2a887704b5b9153298708688bb5c635d9,256,128,same_condition_other_actions,all,1.2289517510288923,0.9945478889512414,1.4706087360446183,256,25.438549207673596,25.02452980241547,25.878274338893643,256,25.123582384849207,24.720331664290665,25.54674529041016,256,250259,253440,186603,3114,253373,67,63656
motion_damping,lewm,joint,motion_damping/lewm/joint/s3072,1eb93478caf10675237e2d67940969f2a887704b5b9153298708688bb5c635d9,256,128,same_condition_other_actions,rms_factor_two_and_one_unit,0.13183800443156993,0.09328568216444945,0.17422192714996976,256,14.427538348123703,13.95537778407422,14.906347209086945,256,14.407458089240532,13.937217889402415,14.884685344621273,256,111363,111511,95307,148,111511,0,16056
motion_damping,lewm,joint,motion_damping/lewm/joint/s3072,1eb93478caf10675237e2d67940969f2a887704b5b9153298708688bb5c635d9,256,128,task_relevant_geometry_all_other,all,0.0,0.0,0.0,256,38.00394054938045,37.51484109594798,38.47578321689375,256,38.00394054938045,37.51484109594798,38.47578321689375,256,1087320,1182720,674246,0,1087320,95400,413074
motion_damping,lewm,joint,motion_damping/lewm/joint/s3072,1eb93478caf10675237e2d67940969f2a887704b5b9153298708688bb5c635d9,256,128,task_relevant_geometry_all_other,rms_factor_two_and_one_unit,0.0,0.0,0.0,256,33.73738378347719,33.09173185237712,34.34695867875593,256,33.73738378347719,33.09173185237712,34.34695867875593,256,526190,526190,347837,0,526190,0,178353
motion_damping,lewm,frozen,motion_damping/lewm/frozen/s3072,ddf46bc04647c66156668e2cecf01bbd14b113ff1b1655509294f92269671ec9,256,128,all_other_trajectories,all,0.585149850414049,0.47353752557269335,0.7001757445025927,256,19.348551914571882,18.968781798633046,19.720722026604207,256,19.24485397676875,18.858582676893555,19.62217112313281,256,1175657,1182720,948073,6920,1182577,143,227584
motion_damping,lewm,frozen,motion_damping/lewm/frozen/s3072,ddf46bc04647c66156668e2cecf01bbd14b113ff1b1655509294f92269671ec9,256,128,all_other_trajectories,rms_factor_two_and_one_unit,0.03523306147186946,0.023522859341488796,0.04949755760936563,256,6.9499125347475825,6.625229284364057,7.2583312361478445,256,6.947540661630383,6.622595513135885,7.256260054076684,256,506313,506497,471182,184,506497,0,35131
motion_damping,lewm,frozen,motion_damping/lewm/frozen/s3072,ddf46bc04647c66156668e2cecf01bbd14b113ff1b1655509294f92269671ec9,256,128,same_condition_other_actions,all,1.2289517510288923,0.9945478889512414,1.4706087360446183,256,18.783822521927267,18.449032272227793,19.108303380797377,256,18.580851534093778,18.22577959672575,18.925107311342693,256,250259,253440,203181,3114,253373,67,47078
motion_damping,lewm,frozen,motion_damping/lewm/frozen/s3072,ddf46bc04647c66156668e2cecf01bbd14b113ff1b1655509294f92269671ec9,256,128,same_condition_other_actions,rms_factor_two_and_one_unit,0.13183800443156993,0.09328568216444945,0.17422192714996976,256,7.0532154529475495,6.772735308884513,7.3265880486413995,256,7.044505568161455,6.763473612442464,7.316428426178077,256,111363,111511,103501,148,111511,0,7862
motion_damping,lewm,frozen,motion_damping/lewm/frozen/s3072,ddf46bc04647c66156668e2cecf01bbd14b113ff1b1655509294f92269671ec9,256,128,task_relevant_geometry_all_other,all,0.0,0.0,0.0,256,22.820949656683805,22.19106139873494,23.472679365275877,256,22.820949656683805,22.19106139873494,23.472679365275877,256,1087320,1182720,838956,0,1087320,95400,248364
motion_damping,lewm,frozen,motion_damping/lewm/frozen/s3072,ddf46bc04647c66156668e2cecf01bbd14b113ff1b1655509294f92269671ec9,256,128,task_relevant_geometry_all_other,rms_factor_two_and_one_unit,0.0,0.0,0.0,256,12.743629271909237,11.8772013570107,13.6139573092492,256,12.743629271909237,11.8772013570107,13.6139573092492,256,526190,526190,459686,0,526190,0,66504
motion_damping,pldm,original,motion_damping/pldm/original/s3072,913e02728f6638409dc3931069caf34815a8ad0618bb40f690cb4a59a6bdc8ad,256,128,all_other_trajectories,all,0.5853189521456508,0.47371462938653713,0.7004119851857403,256,23.174592891409247,22.895985210211357,23.470362245575192,256,23.042462778555194,22.753359851480273,23.342193450949654,256,1175655,1182720,903161,6922,1182577,143,272494
motion_damping,pldm,original,motion_damping/pldm/original/s3072,913e02728f6638409dc3931069caf34815a8ad0618bb40f690cb4a59a6bdc8ad,256,128,all_other_trajectories,rms_factor_two_and_one_unit,0.03523306147186946,0.023522859341488796,0.04949755760936563,256,10.314990495874655,10.06385424654061,10.578676154440746,256,10.311143520819495,10.060358406848916,10.574913998234804,256,506313,506497,454128,184,506497,0,52185
motion_damping,pldm,original,motion_damping/pldm/original/s3072,913e02728f6638409dc3931069caf34815a8ad0618bb40f690cb4a59a6bdc8ad,256,128,same_condition_other_actions,all,1.229346321735963,0.995272355354507,1.4714077417264364,256,23.666437809797564,23.38715001897217,23.950186811571776,256,23.386716887813243,23.093258951757566,23.67920916848299,256,250258,253440,191003,3115,253373,67,59255
motion_damping,pldm,original,motion_damping/pldm/original/s3072,913e02728f6638409dc3931069caf34815a8ad0618bb40f690cb4a59a6bdc8ad,256,128,same_condition_other_actions,rms_factor_two_and_one_unit,0.13183800443156993,0.09328568216444945,0.17422192714996976,256,11.726833877070685,11.448132533417517,12.003733869050514,256,11.710423557301924,11.433506350595321,11.985905754967508,256,111363,111511,98300,148,111511,0,13063
motion_damping,pldm,original,motion_damping/pldm/original/s3072,913e02728f6638409dc3931069caf34815a8ad0618bb40f690cb4a59a6bdc8ad,256,128,task_relevant_geometry_all_other,all,9.042245370370371e-05,0.0,0.0002712673611111111,256,30.99588287545355,30.474848046663716,31.524340083926187,256,30.99585385819936,30.474818303978168,31.524311066672002,256,1087319,1182720,750205,1,1087320,95400,337114
motion_damping,pldm,original,motion_damping/pldm/original/s3072,913e02728f6638409dc3931069caf34815a8ad0618bb40f690cb4a59a6bdc8ad,256,128,task_relevant_geometry_all_other,rms_factor_two_and_one_unit,0.0,0.0,0.0,256,22.88748200199504,22.014642341367743,23.752833307546688,256,22.88748200199504,22.014642341367743,23.752833307546688,256,526190,526190,405966,0,526190,0,120224
motion_damping,pldm,scratch,motion_damping/pldm/scratch/s3072,b8f1d59e881aac0b34e36fd94ef7c1ca54eb36510011cc4efb96bbacb780f178,256,128,all_other_trajectories,all,0.585149850414049,0.47353752557269335,0.7001757445025927,256,38.86253213237695,38.198836263969795,39.5200396383382,256,38.636388205860975,37.9760168464722,39.28721003686979,256,1175657,1182720,718752,6920,1182577,143,456905
motion_damping,pldm,scratch,motion_damping/pldm/scratch/s3072,b8f1d59e881aac0b34e36fd94ef7c1ca54eb36510011cc4efb96bbacb780f178,256,128,all_other_trajectories,rms_factor_two_and_one_unit,0.03523306147186946,0.023522859341488796,0.04949755760936563,256,31.82523752485098,30.889775075650185,32.73739663386959,256,31.813025926724293,30.878190851645776,32.72487633823761,256,506313,506497,345088,184,506497,0,161225
motion_damping,pldm,scratch,motion_damping/pldm/scratch/s3072,b8f1d59e881aac0b34e36fd94ef7c1ca54eb36510011cc4efb96bbacb780f178,256,128,same_condition_other_actions,all,1.2289517510288923,0.9945478889512414,1.4706087360446183,256,35.78407970846897,35.09475593067116,36.49210684344321,256,35.348850966935885,34.67352749460086,36.048190271925,256,250259,253440,160695,3114,253373,67,89564
motion_damping,pldm,scratch,motion_damping/pldm/scratch/s3072,b8f1d59e881aac0b34e36fd94ef7c1ca54eb36510011cc4efb96bbacb780f178,256,128,same_condition_other_actions,rms_factor_two_and_one_unit,0.13183800443156993,0.09328568216444945,0.17422192714996976,256,26.64217037955091,25.774518330559697,27.489064104705008,256,26.606741177147985,25.74538122147432,27.448403046984843,256,111363,111511,81692,148,111511,0,29671
motion_damping,pldm,scratch,motion_damping/pldm/scratch/s3072,b8f1d59e881aac0b34e36fd94ef7c1ca54eb36510011cc4efb96bbacb780f178,256,128,task_relevant_geometry_all_other,all,0.0,0.0,0.0,256,34.657386098643336,33.79847094111829,35.529189977388675,256,34.657386098643336,33.79847094111829,35.529189977388675,256,1087320,1182720,710138,0,1087320,95400,377182
motion_damping,pldm,scratch,motion_damping/pldm/scratch/s3072,b8f1d59e881aac0b34e36fd94ef7c1ca54eb36510011cc4efb96bbacb780f178,256,128,task_relevant_geometry_all_other,rms_factor_two_and_one_unit,0.0,0.0,0.0,256,24.923409171950535,23.781037035524278,26.063111128715867,256,24.923409171950535,23.781037035524278,26.063111128715867,256,526190,526190,394850,0,526190,0,131340
motion_damping,pldm,joint,motion_damping/pldm/joint/s3072,2f71a802a3d7bacf305c7e8257c2f76b526ab04ab2676d7ffe0ee6dbe94bcb66,256,128,all_other_trajectories,all,0.5856572105239002,0.4741374191272287,0.700959385796592,256,38.608914866494736,38.27036690297427,38.95382754258899,256,38.37440313073313,38.0408707347979,38.71055729498111,256,1175651,1182720,721844,6926,1182577,143,453807
motion_damping,pldm,joint,motion_damping/pldm/joint/s3072,2f71a802a3d7bacf305c7e8257c2f76b526ab04ab2676d7ffe0ee6dbe94bcb66,256,128,all_other_trajectories,rms_factor_two_and_one_unit,0.03523306147186946,0.023522859341488796,0.04949755760936563,256,28.74105157028577,28.228905788850504,29.25594992997771,256,28.73035306417459,28.220299280615198,29.244422168151974,256,506313,506497,360582,184,506497,0,145731
motion_damping,pldm,joint,motion_damping/pldm/joint/s3072,2f71a802a3d7bacf305c7e8257c2f76b526ab04ab2676d7ffe0ee6dbe94bcb66,256,128,same_condition_other_actions,all,1.230530033857175,0.9961828601752114,1.4736596425909232,256,39.1416920920667,38.69054057075088,39.59641742885716,256,38.648857724756546,38.199515597574866,39.10320621792116,256,250255,253440,152329,3118,253373,67,97926
motion_damping,pldm,joint,motion_damping/pldm/joint/s3072,2f71a802a3d7bacf305c7e8257c2f76b526ab04ab2676d7ffe0ee6dbe94bcb66,256,128,same_condition_other_actions,rms_factor_two_and_one_unit,0.13183800443156993,0.09328568216444945,0.17422192714996976,256,30.056179651160097,29.402761310710048,30.716806935497054,256,30.0148895202926,29.360674153668803,30.681271244397625,256,111363,111511,77867,148,111511,0,33496
motion_damping,pldm,joint,motion_damping/pldm/joint/s3072,2f71a802a3d7bacf305c7e8257c2f76b526ab04ab2676d7ffe0ee6dbe94bcb66,256,128,task_relevant_geometry_all_other,all,8.959288990825689e-05,0.0,0.00026877866972477066,256,39.654674009745726,39.142353115167715,40.14791773798967,256,39.65463510189058,39.14235214247134,40.14784186767213,256,1087319,1182720,656083,1,1087320,95400,431236
motion_damping,pldm,joint,motion_damping/pldm/joint/s3072,2f71a802a3d7bacf305c7e8257c2f76b526ab04ab2676d7ffe0ee6dbe94bcb66,256,128,task_relevant_geometry_all_other,rms_factor_two_and_one_unit,0.0,0.0,0.0,256,34.240713737846185,33.34856924465324,35.077691400174736,256,34.240713737846185,33.34856924465324,35.077691400174736,256,526190,526190,344926,0,526190,0,181264
motion_damping,pldm,frozen,motion_damping/pldm/frozen/s3072,58229053b8b49e1e652ffcb172e33e53373411727c378c0a4cc745ad73cb99a6,256,128,all_other_trajectories,all,0.5852344012798498,0.47362207643849424,0.7002642975346339,256,25.605309604874993,25.25300882761636,25.94592455068161,256,25.46362197957362,25.10201956464112,25.816221603701557,256,1175656,1182720,874530,6921,1182577,143,301126
motion_damping,pldm,frozen,motion_damping/pldm/frozen/s3072,58229053b8b49e1e652ffcb172e33e53373411727c378c0a4cc745ad73cb99a6,256,128,all_other_trajectories,rms_factor_two_and_one_unit,0.03523306147186946,0.023522859341488796,0.04949755760936563,256,12.554777583710983,12.206935480471321,12.902715860221296,256,12.550612115393028,12.202766059637183,12.89807485253566,256,506313,506497,442890,184,506497,0,63423
motion_damping,pldm,frozen,motion_damping/pldm/frozen/s3072,58229053b8b49e1e652ffcb172e33e53373411727c378c0a4cc745ad73cb99a6,256,128,same_condition_other_actions,all,1.2289517510288923,0.9945478889512414,1.4706087360446183,256,26.244922506852408,25.867647513287,26.606043243744814,256,25.93948562103925,25.541623499234472,26.314302028427818,256,250259,253440,184536,3114,253373,67,65723
motion_damping,pldm,frozen,motion_damping/pldm/frozen/s3072,58229053b8b49e1e652ffcb172e33e53373411727c378c0a4cc745ad73cb99a6,256,128,same_condition_other_actions,rms_factor_two_and_one_unit,0.13183800443156993,0.09328568216444945,0.17422192714996976,256,13.869924045134995,13.489285504945709,14.237815760843656,256,13.852007616812017,13.47261428527092,14.216803603688119,256,111363,111511,95917,148,111511,0,15446
motion_damping,pldm,frozen,motion_damping/pldm/frozen/s3072,58229053b8b49e1e652ffcb172e33e53373411727c378c0a4cc745ad73cb99a6,256,128,task_relevant_geometry_all_other,all,8.959288990825689e-05,0.0,0.00026877866972477066,256,31.08612448952216,30.57325352189364,31.61326232193439,256,31.08609552958137,30.57319705000911,31.613205126051337,256,1087319,1182720,749212,1,1087320,95400,338107
motion_damping,pldm,frozen,motion_damping/pldm/frozen/s3072,58229053b8b49e1e652ffcb172e33e53373411727c378c0a4cc745ad73cb99a6,256,128,task_relevant_geometry_all_other,rms_factor_two_and_one_unit,0.0,0.0,0.0,256,22.839266797241592,22.011031763986825,23.64269263027166,256,22.839266797241592,22.011031763986825,23.64269263027166,256,526190,526190,406157,0,526190,0,120033
robot_arm_mass,lewm,original,robot_arm_mass/lewm/original/s3072,669c177c213e62b6db81f43139b8ebe8d4851936d36dc8b7dd158fa2705c304c,256,256,all_other_trajectories,all,0.0,0.0,0.0,256,13.516301406926406,12.93659530573593,14.093678131764067,256,13.516301406926406,12.93659530573593,14.093678131764067,256,1182720,1182720,1022860,0,1182720,0,159860
robot_arm_mass,lewm,original,robot_arm_mass/lewm/original/s3072,669c177c213e62b6db81f43139b8ebe8d4851936d36dc8b7dd158fa2705c304c,256,256,all_other_trajectories,rms_factor_two_and_one_unit,0.0,0.0,0.0,256,0.7970979760358909,0.6613220150492122,0.942483168175539,256,0.7970979760358909,0.6613220150492122,0.942483168175539,256,524652,524652,520191,0,524652,0,4461
robot_arm_mass,lewm,original,robot_arm_mass/lewm/original/s3072,669c177c213e62b6db81f43139b8ebe8d4851936d36dc8b7dd158fa2705c304c,256,256,same_condition_other_actions,all,0.0,0.0,0.0,256,13.978456439393938,13.300534643308085,14.661083491161616,256,13.978456439393938,13.300534643308085,14.661083491161616,256,253440,253440,218013,0,253440,0,35427
robot_arm_mass,lewm,original,robot_arm_mass/lewm/original/s3072,669c177c213e62b6db81f43139b8ebe8d4851936d36dc8b7dd158fa2705c304c,256,256,same_condition_other_actions,rms_factor_two_and_one_unit,0.0,0.0,0.0,256,0.9319910951848506,0.766469200771675,1.1118050460186224,256,0.9319910951848506,0.766469200771675,1.1118050460186224,256,103962,103962,102908,0,103962,0,1054
robot_arm_mass,lewm,scratch,robot_arm_mass/lewm/scratch/s3072,951295a4d630340034362a32af462e9c2470ee91162a1ab3a476cb13b6174da7,256,256,all_other_trajectories,all,8.45508658008658e-05,0.0,0.0002536525974025974,256,23.14793669674664,22.394677421496525,23.90989050007559,256,23.147913284632036,22.394630597267316,23.909889914772727,256,1182719,1182720,908944,1,1182720,0,273775
robot_arm_mass,lewm,scratch,robot_arm_mass/lewm/scratch/s3072,951295a4d630340034362a32af462e9c2470ee91162a1ab3a476cb13b6174da7,256,256,all_other_trajectories,rms_factor_two_and_one_unit,0.0,0.0,0.0,256,8.32606383968252,7.579907454371416,9.0878309472716,256,8.32606383968252,7.579907454371416,9.0878309472716,256,524652,524652,480467,0,524652,0,44185
robot_arm_mass,lewm,scratch,robot_arm_mass/lewm/scratch/s3072,951295a4d630340034362a32af462e9c2470ee91162a1ab3a476cb13b6174da7,256,256,same_condition_other_actions,all,0.0,0.0,0.0,256,25.119949494949495,24.216994160353533,26.0330354324495,256,25.119949494949495,24.216994160353533,26.0330354324495,256,253440,253440,189776,0,253440,0,63664
robot_arm_mass,lewm,scratch,robot_arm_mass/lewm/scratch/s3072,951295a4d630340034362a32af462e9c2470ee91162a1ab3a476cb13b6174da7,256,256,same_condition_other_actions,rms_factor_two_and_one_unit,0.0,0.0,0.0,256,10.498936200259907,9.563325587036415,11.477243721940948,256,10.498936200259907,9.563325587036415,11.477243721940948,256,103962,103962,92978,0,103962,0,10984
robot_arm_mass,lewm,joint,robot_arm_mass/lewm/joint/s3072,d6c8058c6daa627e07413712bb383b70e148c70e4ee1af538308df08ebd29415,256,256,all_other_trajectories,all,8.45508658008658e-05,0.0,0.0002536525974025974,256,22.308681983834884,21.617186440597237,23.02603426594897,256,22.30866139069264,21.617166362283548,23.026014187635283,256,1182719,1182720,918870,1,1182720,0,263849
robot_arm_mass,lewm,joint,robot_arm_mass/lewm/joint/s3072,d6c8058c6daa627e07413712bb383b70e148c70e4ee1af538308df08ebd29415,256,256,all_other_trajectories,rms_factor_two_and_one_unit,0.0,0.0,0.0,256,7.221945999746468,6.584764610394533,7.880536531662441,256,7.221945999746468,6.584764610394533,7.880536531662441,256,524652,524652,486484,0,524652,0,38168
robot_arm_mass,lewm,joint,robot_arm_mass/lewm/joint/s3072,d6c8058c6daa627e07413712bb383b70e148c70e4ee1af538308df08ebd29415,256,256,same_condition_other_actions,all,0.0,0.0,0.0,256,24.18481691919192,23.35806305239899,25.042258522727273,256,24.18481691919192,23.35806305239899,25.042258522727273,256,253440,253440,192146,0,253440,0,61294
robot_arm_mass,lewm,joint,robot_arm_mass/lewm/joint/s3072,d6c8058c6daa627e07413712bb383b70e148c70e4ee1af538308df08ebd29415,256,256,same_condition_other_actions,rms_factor_two_and_one_unit,0.0,0.0,0.0,256,9.096982486627795,8.285503450537517,9.954514533291713,256,9.096982486627795,8.285503450537517,9.954514533291713,256,103962,103962,94499,0,103962,0,9463
robot_arm_mass,lewm,frozen,robot_arm_mass/lewm/frozen/s3072,3886b3ff7b0f081505f31786fe29979c1ff9d212220f93d7f0fd3f61beef61bf,256,256,all_other_trajectories,all,0.0,0.0,0.0,256,16.017907873376625,15.515637682629869,16.52357489515693,256,16.017907873376625,15.515637682629869,16.52357489515693,256,1182720,1182720,993273,0,1182720,0,189447
robot_arm_mass,lewm,frozen,robot_arm_mass/lewm/frozen/s3072,3886b3ff7b0f081505f31786fe29979c1ff9d212220f93d7f0fd3f61beef61bf,256,256,all_other_trajectories,rms_factor_two_and_one_unit,0.0,0.0,0.0,256,2.9553878031547227,2.661296843096549,3.2622942736036995,256,2.9553878031547227,2.661296843096549,3.2622942736036995,256,524652,524652,508834,0,524652,0,15818
robot_arm_mass,lewm,frozen,robot_arm_mass/lewm/frozen/s3072,3886b3ff7b0f081505f31786fe29979c1ff9d212220f93d7f0fd3f61beef61bf,256,256,same_condition_other_actions,all,0.0,0.0,0.0,256,16.850931186868685,16.22672032828283,17.473603219696972,256,16.850931186868685,16.22672032828283,17.473603219696972,256,253440,253440,210733,0,253440,0,42707
robot_arm_mass,lewm,frozen,robot_arm_mass/lewm/frozen/s3072,3886b3ff7b0f081505f31786fe29979c1ff9d212220f93d7f0fd3f61beef61bf,256,256,same_condition_other_actions,rms_factor_two_and_one_unit,0.0,0.0,0.0,256,3.664962376094271,3.280927098343839,4.063046474877526,256,3.664962376094271,3.280927098343839,4.063046474877526,256,103962,103962,100070,0,103962,0,3892
robot_arm_mass,pldm,original,robot_arm_mass/pldm/original/s3072,20c6ee3074a075602635213b794557c0f2af10af008d0282fb4773863e865f6f,256,256,all_other_trajectories,all,0.0,0.0,0.0,256,19.667799648268396,19.097026346049788,20.23717574742965,256,19.667799648268396,19.097026346049788,20.23717574742965,256,1182720,1182720,950105,0,1182720,0,232615
robot_arm_mass,pldm,original,robot_arm_mass/pldm/original/s3072,20c6ee3074a075602635213b794557c0f2af10af008d0282fb4773863e865f6f,256,256,all_other_trajectories,rms_factor_two_and_one_unit,0.0,0.0,0.0,256,6.990070935198645,6.291676231207453,7.70347519320006,256,6.990070935198645,6.291676231207453,7.70347519320006,256,524652,524652,486493,0,524652,0,38159
robot_arm_mass,pldm,original,robot_arm_mass/pldm/original/s3072,20c6ee3074a075602635213b794557c0f2af10af008d0282fb4773863e865f6f,256,256,same_condition_other_actions,all,0.0,0.0,0.0,256,21.156881313131315,20.468325836489896,21.83358980429293,256,21.156881313131315,20.468325836489896,21.83358980429293,256,253440,253440,199820,0,253440,0,53620
robot_arm_mass,pldm,original,robot_arm_mass/pldm/original/s3072,20c6ee3074a075602635213b794557c0f2af10af008d0282fb4773863e865f6f,256,256,same_condition_other_actions,rms_factor_two_and_one_unit,0.0,0.0,0.0,256,8.70505514415515,7.832895968783153,9.589740446496412,256,8.70505514415515,7.832895968783153,9.589740446496412,256,103962,103962,94486,0,103962,0,9476
robot_arm_mass,pldm,scratch,robot_arm_mass/pldm/scratch/s3072,3d691fb4f31c990650eaff35774b5dec430e10dea1489bdec4ed49b8c425b7b1,256,256,all_other_trajectories,all,0.0001691017316017316,0.0,0.000422754329004329,256,27.34870161647637,26.66303417091665,28.028469354222928,256,27.348653950216452,26.663009841720775,28.02844502502706,256,1182718,1182720,859260,2,1182720,0,323458
robot_arm_mass,pldm,scratch,robot_arm_mass/pldm/scratch/s3072,3d691fb4f31c990650eaff35774b5dec430e10dea1489bdec4ed49b8c425b7b1,256,256,all_other_trajectories,rms_factor_two_and_one_unit,0.0,0.0,0.0,256,13.606020419447184,12.837835421638461,14.368202879808148,256,13.606020419447184,12.837835421638461,14.368202879808148,256,524652,524652,451054,0,524652,0,73598
robot_arm_mass,pldm,scratch,robot_arm_mass/pldm/scratch/s3072,3d691fb4f31c990650eaff35774b5dec430e10dea1489bdec4ed49b8c425b7b1,256,256,same_condition_other_actions,all,0.0,0.0,0.0,256,29.34067234848485,28.506135574494945,30.161813446969692,256,29.34067234848485,28.506135574494945,30.161813446969692,256,253440,253440,179079,0,253440,0,74361
robot_arm_mass,pldm,scratch,robot_arm_mass/pldm/scratch/s3072,3d691fb4f31c990650eaff35774b5dec430e10dea1489bdec4ed49b8c425b7b1,256,256,same_condition_other_actions,rms_factor_two_and_one_unit,0.0,0.0,0.0,256,17.061850330239892,16.06916867545313,18.04517508625097,256,17.061850330239892,16.06916867545313,18.04517508625097,256,103962,103962,85589,0,103962,0,18373
robot_arm_mass,pldm,joint,robot_arm_mass/pldm/joint/s3072,2f06d52024503f788f8e3a8ef2ad4f885076fc5ecb54acb1c1c6cbe69447c403,256,256,all_other_trajectories,all,8.45508658008658e-05,0.0,0.0002536525974025974,256,20.349465752019235,19.850254500943336,20.856552802753388,256,20.34944872835498,19.85025407535173,20.856536204680737,256,1182719,1182720,942042,1,1182720,0,240677
robot_arm_mass,pldm,joint,robot_arm_mass/pldm/joint/s3072,2f06d52024503f788f8e3a8ef2ad4f885076fc5ecb54acb1c1c6cbe69447c403,256,256,all_other_trajectories,rms_factor_two_and_one_unit,0.0,0.0,0.0,256,4.926252236944579,4.432578029023156,5.432168004236135,256,4.926252236944579,4.432578029023156,5.432168004236135,256,524652,524652,498164,0,524652,0,26488
robot_arm_mass,pldm,joint,robot_arm_mass/pldm/joint/s3072,2f06d52024503f788f8e3a8ef2ad4f885076fc5ecb54acb1c1c6cbe69447c403,256,256,same_condition_other_actions,all,0.0,0.0,0.0,256,21.939315025252526,21.36284722222222,22.51583214962121,256,21.939315025252526,21.36284722222222,22.51583214962121,256,253440,253440,197837,0,253440,0,55603
robot_arm_mass,pldm,joint,robot_arm_mass/pldm/joint/s3072,2f06d52024503f788f8e3a8ef2ad4f885076fc5ecb54acb1c1c6cbe69447c403,256,256,same_condition_other_actions,rms_factor_two_and_one_unit,0.0,0.0,0.0,256,6.163743263541087,5.536518745478678,6.819328725075325,256,6.163743263541087,5.536518745478678,6.819328725075325,256,103962,103962,97407,0,103962,0,6555
robot_arm_mass,pldm,frozen,robot_arm_mass/pldm/frozen/s3072,3998f78dbc1b4293afa6cac0fd8e8c4cf020d1e143923103fe70a5a0be2cc1a7,256,256,all_other_trajectories,all,0.0,0.0,0.0,256,19.873342803030305,19.373103946834412,20.39545285443723,256,19.873342803030305,19.373103946834412,20.39545285443723,256,1182720,1182720,947674,0,1182720,0,235046
robot_arm_mass,pldm,frozen,robot_arm_mass/pldm/frozen/s3072,3998f78dbc1b4293afa6cac0fd8e8c4cf020d1e143923103fe70a5a0be2cc1a7,256,256,all_other_trajectories,rms_factor_two_and_one_unit,0.0,0.0,0.0,256,6.0456788218609185,5.477494915824792,6.605588616349565,256,6.0456788218609185,5.477494915824792,6.605588616349565,256,524652,524652,491819,0,524652,0,32833
robot_arm_mass,pldm,frozen,robot_arm_mass/pldm/frozen/s3072,3998f78dbc1b4293afa6cac0fd8e8c4cf020d1e143923103fe70a5a0be2cc1a7,256,256,same_condition_other_actions,all,0.0,0.0,0.0,256,21.23974116161616,20.630494397095962,21.873037010732325,256,21.23974116161616,20.630494397095962,21.873037010732325,256,253440,253440,199610,0,253440,0,53830
robot_arm_mass,pldm,frozen,robot_arm_mass/pldm/frozen/s3072,3998f78dbc1b4293afa6cac0fd8e8c4cf020d1e143923103fe70a5a0be2cc1a7,256,256,same_condition_other_actions,rms_factor_two_and_one_unit,0.0,0.0,0.0,256,7.5376655744361125,6.824912051843864,8.246352160303816,256,7.5376655744361125,6.824912051843864,8.246352160303816,256,103962,103962,95817,0,103962,0,8145
