task,family,regime,checkpoint_sha256,scene_count,source_clusters,geometry,comparison,metric,mean_percent,ci95_low_percent,ci95_high_percent,defined_scenes,undefined_scenes
action_strength,lewm,frozen,0097aa2e5c352e957cb17382c7518a49c8a266f42a8dc1384d41934a5515d225,256,243,all6,old,latent_tie_fraction_over_physical_strict,0.14623900305071325,0.08007473749357702,0.2318616522395015,256,0
action_strength,lewm,frozen,0097aa2e5c352e957cb17382c7518a49c8a266f42a8dc1384d41934a5515d225,256,243,all6,old,reversal_over_both_strict,12.71658744085758,12.11031963162958,13.371779615956427,256,0
action_strength,lewm,frozen,0097aa2e5c352e957cb17382c7518a49c8a266f42a8dc1384d41934a5515d225,256,243,all6,old,reversal_over_physical_strict,12.683751795244508,12.089594524858551,13.324573728154196,256,0
action_strength,lewm,frozen,0097aa2e5c352e957cb17382c7518a49c8a266f42a8dc1384d41934a5515d225,256,243,all6,paired_difference_visible_minus_old,latent_tie_fraction_over_physical_strict,-0.1317283229061412,-0.21565538274768842,-0.06697333434919214,256,0
action_strength,lewm,frozen,0097aa2e5c352e957cb17382c7518a49c8a266f42a8dc1384d41934a5515d225,256,243,all6,paired_difference_visible_minus_old,reversal_over_both_strict,-3.729412071824539,-4.298203631985427,-3.178549059303816,256,0
action_strength,lewm,frozen,0097aa2e5c352e957cb17382c7518a49c8a266f42a8dc1384d41934a5515d225,256,243,all6,paired_difference_visible_minus_old,reversal_over_physical_strict,-3.697705671181965,-4.252807119240814,-3.1583438329441043,256,0
action_strength,lewm,frozen,0097aa2e5c352e957cb17382c7518a49c8a266f42a8dc1384d41934a5515d225,256,243,all6,visible,latent_tie_fraction_over_physical_strict,0.014510680144572059,0.010563231625520524,0.018758442820543675,256,0
action_strength,lewm,frozen,0097aa2e5c352e957cb17382c7518a49c8a266f42a8dc1384d41934a5515d225,256,243,all6,visible,reversal_over_both_strict,8.98717536903304,8.592935554256936,9.393621946662245,256,0
action_strength,lewm,frozen,0097aa2e5c352e957cb17382c7518a49c8a266f42a8dc1384d41934a5515d225,256,243,all6,visible,reversal_over_physical_strict,8.986046124062543,8.591879204831816,9.392397355321876,256,0
action_strength,lewm,frozen,0097aa2e5c352e957cb17382c7518a49c8a266f42a8dc1384d41934a5515d225,256,243,all6_strong_subset,old,latent_tie_fraction_over_physical_strict,0.022390349809298528,0.006490196908629088,0.04510782043540632,256,0
action_strength,lewm,frozen,0097aa2e5c352e957cb17382c7518a49c8a266f42a8dc1384d41934a5515d225,256,243,all6_strong_subset,old,reversal_over_both_strict,4.695718183061366,4.209695358828361,5.22794259442237,256,0
action_strength,lewm,frozen,0097aa2e5c352e957cb17382c7518a49c8a266f42a8dc1384d41934a5515d225,256,243,all6_strong_subset,old,reversal_over_physical_strict,4.692218107200243,4.207767386996415,5.222723691777833,256,0
action_strength,lewm,frozen,0097aa2e5c352e957cb17382c7518a49c8a266f42a8dc1384d41934a5515d225,256,243,all6_strong_subset,paired_difference_visible_minus_old,latent_tie_fraction_over_physical_strict,-0.022390349809298528,-0.04510782043540631,-0.006490196908629088,256,0
action_strength,lewm,frozen,0097aa2e5c352e957cb17382c7518a49c8a266f42a8dc1384d41934a5515d225,256,243,all6_strong_subset,paired_difference_visible_minus_old,reversal_over_both_strict,-2.761409195188911,-3.2733475600159467,-2.292411220349368,256,0
action_strength,lewm,frozen,0097aa2e5c352e957cb17382c7518a49c8a266f42a8dc1384d41934a5515d225,256,243,all6_strong_subset,paired_difference_visible_minus_old,reversal_over_physical_strict,-2.7579091193277874,-3.2703814701580436,-2.2911661359671185,256,0
action_strength,lewm,frozen,0097aa2e5c352e957cb17382c7518a49c8a266f42a8dc1384d41934a5515d225,256,243,all6_strong_subset,visible,latent_tie_fraction_over_physical_strict,0.0,0.0,0.0,256,0
action_strength,lewm,frozen,0097aa2e5c352e957cb17382c7518a49c8a266f42a8dc1384d41934a5515d225,256,243,all6_strong_subset,visible,reversal_over_both_strict,1.9343089878724553,1.687551320560731,2.1864839573818338,256,0
action_strength,lewm,frozen,0097aa2e5c352e957cb17382c7518a49c8a266f42a8dc1384d41934a5515d225,256,243,all6_strong_subset,visible,reversal_over_physical_strict,1.9343089878724553,1.687551320560731,2.1864839573818338,256,0
action_strength,lewm,frozen,0097aa2e5c352e957cb17382c7518a49c8a266f42a8dc1384d41934a5515d225,256,243,task_agent_xy,old,latent_tie_fraction_over_physical_strict,0.14907302511112186,0.08310751086815621,0.2345128683651556,256,0
action_strength,lewm,frozen,0097aa2e5c352e957cb17382c7518a49c8a266f42a8dc1384d41934a5515d225,256,243,task_agent_xy,old,reversal_over_both_strict,13.670837270922407,13.090621148165463,14.303700013363486,256,0
action_strength,lewm,frozen,0097aa2e5c352e957cb17382c7518a49c8a266f42a8dc1384d41934a5515d225,256,243,task_agent_xy,old,reversal_over_physical_strict,13.637151546439624,13.06258060736028,14.263861767149328,256,0
action_strength,lewm,frozen,0097aa2e5c352e957cb17382c7518a49c8a266f42a8dc1384d41934a5515d225,256,243,task_agent_xy,paired_difference_visible_minus_old,latent_tie_fraction_over_physical_strict,-0.1305784817079293,-0.21422421660481217,-0.06562910988612446,256,0
action_strength,lewm,frozen,0097aa2e5c352e957cb17382c7518a49c8a266f42a8dc1384d41934a5515d225,256,243,task_agent_xy,paired_difference_visible_minus_old,reversal_over_both_strict,-3.8676286540124742,-4.431956741875043,-3.3179821536654988,256,0
action_strength,lewm,frozen,0097aa2e5c352e957cb17382c7518a49c8a266f42a8dc1384d41934a5515d225,256,243,task_agent_xy,paired_difference_visible_minus_old,reversal_over_physical_strict,-3.8355843846979973,-4.391113267438001,-3.295175438264703,256,0
action_strength,lewm,frozen,0097aa2e5c352e957cb17382c7518a49c8a266f42a8dc1384d41934a5515d225,256,243,task_agent_xy,visible,latent_tie_fraction_over_physical_strict,0.01849454340319256,0.013852924694388586,0.023616496458727865,256,0
action_strength,lewm,frozen,0097aa2e5c352e957cb17382c7518a49c8a266f42a8dc1384d41934a5515d225,256,243,task_agent_xy,visible,reversal_over_both_strict,9.80320861690993,9.405287833805723,10.211837914887028,256,0
action_strength,lewm,frozen,0097aa2e5c352e957cb17382c7518a49c8a266f42a8dc1384d41934a5515d225,256,243,task_agent_xy,visible,reversal_over_physical_strict,9.80156716174163,9.40362097779671,10.20999045213689,256,0
action_strength,lewm,frozen,0097aa2e5c352e957cb17382c7518a49c8a266f42a8dc1384d41934a5515d225,256,243,task_agent_xy_strong_subset,old,latent_tie_fraction_over_physical_strict,0.02217429649904736,0.006363189592385502,0.04475188453681382,256,0
action_strength,lewm,frozen,0097aa2e5c352e957cb17382c7518a49c8a266f42a8dc1384d41934a5515d225,256,243,task_agent_xy_strong_subset,old,reversal_over_both_strict,6.199636703751158,5.718765200937534,6.731880094308212,256,0
action_strength,lewm,frozen,0097aa2e5c352e957cb17382c7518a49c8a266f42a8dc1384d41934a5515d225,256,243,task_agent_xy_strong_subset,old,reversal_over_physical_strict,6.1960886486773,5.717277496523143,6.726860909530416,256,0
action_strength,lewm,frozen,0097aa2e5c352e957cb17382c7518a49c8a266f42a8dc1384d41934a5515d225,256,243,task_agent_xy_strong_subset,paired_difference_visible_minus_old,latent_tie_fraction_over_physical_strict,-0.02217429649904736,-0.044751884536813814,-0.006363189592385499,256,0
action_strength,lewm,frozen,0097aa2e5c352e957cb17382c7518a49c8a266f42a8dc1384d41934a5515d225,256,243,task_agent_xy_strong_subset,paired_difference_visible_minus_old,reversal_over_both_strict,-3.259392305737113,-3.797380883671639,-2.7566204890034482,256,0
action_strength,lewm,frozen,0097aa2e5c352e957cb17382c7518a49c8a266f42a8dc1384d41934a5515d225,256,243,task_agent_xy_strong_subset,paired_difference_visible_minus_old,reversal_over_physical_strict,-3.255844250663255,-3.791615216739716,-2.754756378936813,256,0
action_strength,lewm,frozen,0097aa2e5c352e957cb17382c7518a49c8a266f42a8dc1384d41934a5515d225,256,243,task_agent_xy_strong_subset,visible,latent_tie_fraction_over_physical_strict,0.0,0.0,0.0,256,0
action_strength,lewm,frozen,0097aa2e5c352e957cb17382c7518a49c8a266f42a8dc1384d41934a5515d225,256,243,task_agent_xy_strong_subset,visible,reversal_over_both_strict,2.9402443980140442,2.6286382183520427,3.2472446905530923,256,0
action_strength,lewm,frozen,0097aa2e5c352e957cb17382c7518a49c8a266f42a8dc1384d41934a5515d225,256,243,task_agent_xy_strong_subset,visible,reversal_over_physical_strict,2.9402443980140442,2.6286382183520427,3.2472446905530923,256,0
action_strength,lewm,original,9f13b2c28bb909338047e08d62bf6eb16ea3616cb53e57cfa9b5072b43db1c59,256,243,all6,old,latent_tie_fraction_over_physical_strict,0.14623900305071325,0.08007473749357702,0.2318616522395015,256,0
action_strength,lewm,original,9f13b2c28bb909338047e08d62bf6eb16ea3616cb53e57cfa9b5072b43db1c59,256,243,all6,old,reversal_over_both_strict,10.306701401421572,9.656091012662959,10.980705028148293,256,0
action_strength,lewm,original,9f13b2c28bb909338047e08d62bf6eb16ea3616cb53e57cfa9b5072b43db1c59,256,243,all6,old,reversal_over_physical_strict,10.275813841310665,9.638345033070324,10.939057060922437,256,0
action_strength,lewm,original,9f13b2c28bb909338047e08d62bf6eb16ea3616cb53e57cfa9b5072b43db1c59,256,243,all6,paired_difference_visible_minus_old,latent_tie_fraction_over_physical_strict,-0.1317283229061412,-0.21565538274768842,-0.06697333434919214,256,0
action_strength,lewm,original,9f13b2c28bb909338047e08d62bf6eb16ea3616cb53e57cfa9b5072b43db1c59,256,243,all6,paired_difference_visible_minus_old,reversal_over_both_strict,-3.165764257131657,-3.7156994988454226,-2.644196631926082,256,0
action_strength,lewm,original,9f13b2c28bb909338047e08d62bf6eb16ea3616cb53e57cfa9b5072b43db1c59,256,243,all6,paired_difference_visible_minus_old,reversal_over_physical_strict,-3.135773302531607,-3.6767850842672103,-2.621883231413697,256,0
action_strength,lewm,original,9f13b2c28bb909338047e08d62bf6eb16ea3616cb53e57cfa9b5072b43db1c59,256,243,all6,visible,latent_tie_fraction_over_physical_strict,0.014510680144572059,0.010563231625520524,0.018758442820543675,256,0
action_strength,lewm,original,9f13b2c28bb909338047e08d62bf6eb16ea3616cb53e57cfa9b5072b43db1c59,256,243,all6,visible,reversal_over_both_strict,7.140937144289913,6.749894861346729,7.546082516084959,256,0
action_strength,lewm,original,9f13b2c28bb909338047e08d62bf6eb16ea3616cb53e57cfa9b5072b43db1c59,256,243,all6,visible,reversal_over_physical_strict,7.1400405387790595,6.748915755686212,7.545280311490729,256,0
action_strength,lewm,original,9f13b2c28bb909338047e08d62bf6eb16ea3616cb53e57cfa9b5072b43db1c59,256,243,all6_strong_subset,old,latent_tie_fraction_over_physical_strict,0.022390349809298528,0.006490196908629088,0.04510782043540632,256,0
action_strength,lewm,original,9f13b2c28bb909338047e08d62bf6eb16ea3616cb53e57cfa9b5072b43db1c59,256,243,all6_strong_subset,old,reversal_over_both_strict,3.1191330524006524,2.6415263352895235,3.6231933437232513,256,0
action_strength,lewm,original,9f13b2c28bb909338047e08d62bf6eb16ea3616cb53e57cfa9b5072b43db1c59,256,243,all6_strong_subset,old,reversal_over_physical_strict,3.1158570451342444,2.64088479687524,3.619340338942111,256,0
action_strength,lewm,original,9f13b2c28bb909338047e08d62bf6eb16ea3616cb53e57cfa9b5072b43db1c59,256,243,all6_strong_subset,paired_difference_visible_minus_old,latent_tie_fraction_over_physical_strict,-0.022390349809298528,-0.04510782043540631,-0.006490196908629088,256,0
action_strength,lewm,original,9f13b2c28bb909338047e08d62bf6eb16ea3616cb53e57cfa9b5072b43db1c59,256,243,all6_strong_subset,paired_difference_visible_minus_old,reversal_over_both_strict,-2.006948883760043,-2.466687887185674,-1.5793893397423213,256,0
action_strength,lewm,original,9f13b2c28bb909338047e08d62bf6eb16ea3616cb53e57cfa9b5072b43db1c59,256,243,all6_strong_subset,paired_difference_visible_minus_old,reversal_over_physical_strict,-2.0036728764936353,-2.4591457178750433,-1.5780431059713729,256,0
action_strength,lewm,original,9f13b2c28bb909338047e08d62bf6eb16ea3616cb53e57cfa9b5072b43db1c59,256,243,all6_strong_subset,visible,latent_tie_fraction_over_physical_strict,0.0,0.0,0.0,256,0
action_strength,lewm,original,9f13b2c28bb909338047e08d62bf6eb16ea3616cb53e57cfa9b5072b43db1c59,256,243,all6_strong_subset,visible,reversal_over_both_strict,1.112184168640609,0.9024512433228759,1.343571509038605,256,0
action_strength,lewm,original,9f13b2c28bb909338047e08d62bf6eb16ea3616cb53e57cfa9b5072b43db1c59,256,243,all6_strong_subset,visible,reversal_over_physical_strict,1.112184168640609,0.9024512433228759,1.343571509038605,256,0
action_strength,lewm,original,9f13b2c28bb909338047e08d62bf6eb16ea3616cb53e57cfa9b5072b43db1c59,256,243,task_agent_xy,old,latent_tie_fraction_over_physical_strict,0.14907302511112186,0.08310751086815621,0.2345128683651556,256,0
action_strength,lewm,original,9f13b2c28bb909338047e08d62bf6eb16ea3616cb53e57cfa9b5072b43db1c59,256,243,task_agent_xy,old,reversal_over_both_strict,11.052553010691618,10.426279958717059,11.709942967035674,256,0
action_strength,lewm,original,9f13b2c28bb909338047e08d62bf6eb16ea3616cb53e57cfa9b5072b43db1c59,256,243,task_agent_xy,old,reversal_over_physical_strict,11.020898304591924,10.402879933215237,11.664658849916776,256,0
action_strength,lewm,original,9f13b2c28bb909338047e08d62bf6eb16ea3616cb53e57cfa9b5072b43db1c59,256,243,task_agent_xy,paired_difference_visible_minus_old,latent_tie_fraction_over_physical_strict,-0.1305784817079293,-0.21422421660481217,-0.06562910988612446,256,0
action_strength,lewm,original,9f13b2c28bb909338047e08d62bf6eb16ea3616cb53e57cfa9b5072b43db1c59,256,243,task_agent_xy,paired_difference_visible_minus_old,reversal_over_both_strict,-3.323601866799117,-3.8703037746388613,-2.807145233798094,256,0
action_strength,lewm,original,9f13b2c28bb909338047e08d62bf6eb16ea3616cb53e57cfa9b5072b43db1c59,256,243,task_agent_xy,paired_difference_visible_minus_old,reversal_over_physical_strict,-3.293237558709948,-3.827292102209554,-2.7844302115515687,256,0
action_strength,lewm,original,9f13b2c28bb909338047e08d62bf6eb16ea3616cb53e57cfa9b5072b43db1c59,256,243,task_agent_xy,visible,latent_tie_fraction_over_physical_strict,0.01849454340319256,0.013852924694388586,0.023616496458727865,256,0
action_strength,lewm,original,9f13b2c28bb909338047e08d62bf6eb16ea3616cb53e57cfa9b5072b43db1c59,256,243,task_agent_xy,visible,reversal_over_both_strict,7.728951143892503,7.3305975509698875,8.138925236798004,256,0
action_strength,lewm,original,9f13b2c28bb909338047e08d62bf6eb16ea3616cb53e57cfa9b5072b43db1c59,256,243,task_agent_xy,visible,reversal_over_physical_strict,7.727660745881976,7.329065926087772,8.137362735731033,256,0
action_strength,lewm,original,9f13b2c28bb909338047e08d62bf6eb16ea3616cb53e57cfa9b5072b43db1c59,256,243,task_agent_xy_strong_subset,old,latent_tie_fraction_over_physical_strict,0.02217429649904736,0.006363189592385502,0.04475188453681382,256,0
action_strength,lewm,original,9f13b2c28bb909338047e08d62bf6eb16ea3616cb53e57cfa9b5072b43db1c59,256,243,task_agent_xy_strong_subset,old,reversal_over_both_strict,3.953835556426291,3.4651323708835244,4.487075554285689,256,0
action_strength,lewm,original,9f13b2c28bb909338047e08d62bf6eb16ea3616cb53e57cfa9b5072b43db1c59,256,243,task_agent_xy_strong_subset,old,reversal_over_physical_strict,3.9505141254520844,3.462808610600317,4.480438534699285,256,0
action_strength,lewm,original,9f13b2c28bb909338047e08d62bf6eb16ea3616cb53e57cfa9b5072b43db1c59,256,243,task_agent_xy_strong_subset,paired_difference_visible_minus_old,latent_tie_fraction_over_physical_strict,-0.02217429649904736,-0.044751884536813814,-0.006363189592385499,256,0
action_strength,lewm,original,9f13b2c28bb909338047e08d62bf6eb16ea3616cb53e57cfa9b5072b43db1c59,256,243,task_agent_xy_strong_subset,paired_difference_visible_minus_old,reversal_over_both_strict,-2.2994596737698427,-2.76366247810479,-1.852727009336537,256,0
action_strength,lewm,original,9f13b2c28bb909338047e08d62bf6eb16ea3616cb53e57cfa9b5072b43db1c59,256,243,task_agent_xy_strong_subset,paired_difference_visible_minus_old,reversal_over_physical_strict,-2.296138242795635,-2.75665429587571,-1.8521733819322088,256,0
action_strength,lewm,original,9f13b2c28bb909338047e08d62bf6eb16ea3616cb53e57cfa9b5072b43db1c59,256,243,task_agent_xy_strong_subset,visible,latent_tie_fraction_over_physical_strict,0.0,0.0,0.0,256,0
action_strength,lewm,original,9f13b2c28bb909338047e08d62bf6eb16ea3616cb53e57cfa9b5072b43db1c59,256,243,task_agent_xy_strong_subset,visible,reversal_over_both_strict,1.654375882656449,1.394396739671124,1.9377833190823228,256,0
action_strength,lewm,original,9f13b2c28bb909338047e08d62bf6eb16ea3616cb53e57cfa9b5072b43db1c59,256,243,task_agent_xy_strong_subset,visible,reversal_over_physical_strict,1.654375882656449,1.394396739671124,1.9377833190823228,256,0
